"Tanggal","Terakhir","Pembukaan","Tertinggi","Terendah","Vol.","Perubahan%"
"02/01/2013","3.725","3.700","3.800","3.700","14,93M","0,68%"
"03/01/2013","3.725","3.750","3.775","3.700","25,17M","0,00%"
"04/01/2013","3.800","3.725","3.825","3.725","31,88M","2,01%"
"07/01/2013","3.800","3.775","3.825","3.750","38,64M","0,00%"
"08/01/2013","3.875","3.800","3.875","3.800","42,48M","1,97%"
"09/01/2013","3.775","3.875","3.875","3.725","35,95M","-2,58%"
"10/01/2013","3.700","3.775","3.775","3.675","19,77M","-1,99%"
"11/01/2013","3.675","3.700","3.725","3.650","29,14M","-0,68%"
"14/01/2013","3.725","3.700","3.750","3.675","31,33M","1,36%"
"15/01/2013","3.800","3.725","3.800","3.725","15,28M","2,01%"
"16/01/2013","3.750","3.800","3.800","3.700","23,26M","-1,32%"
"17/01/2013","3.725","3.725","3.775","3.725","18,82M","-0,67%"
"18/01/2013","3.850","3.750","3.875","3.750","28,31M","3,36%"
"21/01/2013","3.850","3.800","3.850","3.775","11,80M","0,00%"
"22/01/2013","3.800","3.800","3.850","3.750","12,95M","-1,30%"
"23/01/2013","3.850","3.800","3.850","3.800","16,71M","1,32%"
"25/01/2013","3.875","3.850","3.900","3.850","37,13M","0,65%"
"28/01/2013","3.875","3.875","3.875","3.825","6,62M","0,00%"
"29/01/2013","3.875","3.875","3.900","3.850","22,62M","0,00%"
"30/01/2013","3.900","3.875","3.900","3.850","24,84M","0,65%"
"31/01/2013","3.925","3.925","3.925","3.875","30,33M","0,64%"
"01/02/2013","4.250","3.950","4.325","3.950","164,33M","8,28%"
"04/02/2013","4.225","4.275","4.275","4.100","41,99M","-0,59%"
"05/02/2013","4.200","4.175","4.200","4.150","13,62M","-0,59%"
"06/02/2013","4.200","4.200","4.225","4.175","23,40M","0,00%"
"07/02/2013","4.275","4.200","4.300","4.175","44,03M","1,79%"
"08/02/2013","4.250","4.275","4.300","4.225","31,81M","-0,58%"
"11/02/2013","4.250","4.275","4.275","4.200","17,24M","0,00%"
"12/02/2013","4.250","4.225","4.275","4.225","13,09M","0,00%"
"13/02/2013","4.325","4.275","4.375","4.250","31,40M","1,76%"
"14/02/2013","4.375","4.325","4.400","4.325","29,24M","1,16%"
"15/02/2013","4.400","4.375","4.400","4.350","17,09M","0,57%"
"18/02/2013","4.325","4.400","4.400","4.325","7,26M","-1,70%"
"19/02/2013","4.250","4.325","4.325","4.200","29,90M","-1,73%"
"20/02/2013","4.250","4.300","4.300","4.225","12,75M","0,00%"
"21/02/2013","4.325","4.275","4.375","4.275","45,23M","1,76%"
"22/02/2013","4.375","4.350","4.400","4.325","35,15M","1,16%"
"25/02/2013","4.375","4.400","4.400","4.325","28,76M","0,00%"
"26/02/2013","4.400","4.350","4.425","4.350","19,67M","0,57%"
"27/02/2013","4.375","4.400","4.400","4.325","34,08M","-0,57%"
"28/02/2013","4.600","4.400","4.625","4.400","49,37M","5,14%"
"01/03/2013","4.850","4.600","4.850","4.600","62,31M","5,43%"
"04/03/2013","4.725","4.900","4.900","4.625","35,06M","-2,58%"
"05/03/2013","4.725","4.700","4.775","4.700","16,90M","0,00%"
"06/03/2013","4.750","4.775","4.800","4.700","35,85M","0,53%"
"07/03/2013","4.800","4.725","4.800","4.725","14,57M","1,05%"
"08/03/2013","4.775","4.800","4.875","4.725","17,52M","-0,52%"
"11/03/2013","4.825","4.775","4.850","4.775","23,42M","1,05%"
"13/03/2013","4.775","4.800","4.825","4.725","27,54M","-1,04%"
"14/03/2013","4.675","4.750","4.750","4.650","30,51M","-2,09%"
"15/03/2013","4.675","4.675","4.675","4.600","36,53M","0,00%"
"18/03/2013","4.700","4.650","4.725","4.625","27,20M","0,53%"
"19/03/2013","4.800","4.700","4.800","4.700","20,09M","2,13%"
"20/03/2013","4.825","4.800","4.850","4.750","45,23M","0,52%"
"21/03/2013","4.775","4.825","4.850","4.725","21,13M","-1,04%"
"22/03/2013","4.525","4.825","4.825","4.475","27,90M","-5,24%"
"25/03/2013","4.650","4.600","4.675","4.600","17,14M","2,76%"
"26/03/2013","4.825","4.675","4.825","4.650","25,50M","3,76%"
"27/03/2013","5.000","4.825","5.100","4.825","41,12M","3,63%"
"28/03/2013","5.050","5.000","5.050","4.975","18,54M","1,00%"
"01/04/2013","5.050","5.050","5.150","5.000","27,00M","0,00%"
"02/04/2013","4.925","5.000","5.100","4.900","11,23M","-2,48%"
"03/04/2013","4.950","4.950","4.975","4.850","20,38M","0,51%"
"04/04/2013","4.850","4.950","4.975","4.850","23,32M","-2,02%"
"05/04/2013","5.050","4.900","5.050","4.875","45,35M","4,12%"
"08/04/2013","4.950","5.000","5.050","4.950","20,98M","-1,98%"
"09/04/2013","4.925","5.000","5.000","4.875","33,00M","-0,51%"
"10/04/2013","4.875","4.950","4.975","4.875","13,97M","-1,02%"
"11/04/2013","4.975","4.900","5.000","4.900","12,64M","2,05%"
"12/04/2013","5.050","5.000","5.100","4.975","22,00M","1,51%"
"15/04/2013","4.975","4.975","5.050","4.950","9,61M","-1,49%"
"16/04/2013","5.000","4.950","5.100","4.950","23,28M","0,50%"
"17/04/2013","5.250","5.000","5.250","5.000","37,29M","5,00%"
"18/04/2013","5.250","5.200","5.300","5.150","23,43M","0,00%"
"19/04/2013","5.300","5.300","5.350","5.250","23,14M","0,95%"
"22/04/2013","5.350","5.150","5.350","5.050","23,99M","0,94%"
"23/04/2013","5.300","5.350","5.350","5.200","15,52M","-0,93%"
"24/04/2013","5.200","5.300","5.300","5.100","32,04M","-1,89%"
"25/04/2013","5.250","5.100","5.300","5.100","30,60M","0,96%"
"26/04/2013","5.350","5.300","5.350","5.150","33,57M","1,90%"
"29/04/2013","5.300","5.250","5.300","5.200","29,77M","-0,93%"
"30/04/2013","5.400","5.350","5.450","5.300","28,08M","1,89%"
"01/05/2013","5.550","5.400","5.600","5.350","21,26M","2,78%"
"02/05/2013","5.350","5.550","5.550","5.350","22,44M","-3,60%"
"03/05/2013","5.300","5.450","5.450","5.200","21,80M","-0,93%"
"06/05/2013","5.300","5.300","5.350","5.200","17,59M","0,00%"
"07/05/2013","5.400","5.350","5.450","5.300","27,19M","1,89%"
"08/05/2013","5.350","5.450","5.500","5.300","21,30M","-0,93%"
"10/05/2013","5.400","5.400","5.450","5.350","32,34M","0,93%"
"13/05/2013","5.250","5.450","5.450","5.150","26,24M","-2,78%"
"14/05/2013","5.500","5.150","5.500","5.150","33,21M","4,76%"
"15/05/2013","5.400","5.500","5.500","5.300","15,31M","-1,82%"
"16/05/2013","5.400","5.450","5.450","5.350","15,83M","0,00%"
"17/05/2013","5.300","5.400","5.400","5.300","6,93M","-1,85%"
"20/05/2013","5.400","5.350","5.450","5.300","29,67M","1,89%"
"21/05/2013","5.400","5.450","5.450","5.300","24,14M","0,00%"
"22/05/2013","5.450","5.350","5.500","5.350","13,94M","0,93%"
"23/05/2013","5.250","5.400","5.400","5.150","43,88M","-3,67%"
"24/05/2013","5.100","5.200","5.250","5.100","29,05M","-2,86%"
"27/05/2013","4.950","5.150","5.150","4.925","53,67M","-2,94%"
"28/05/2013","5.050","4.950","5.100","4.925","35,04M","2,02%"
"29/05/2013","5.200","5.100","5.200","5.100","27,01M","2,97%"
"30/05/2013","5.050","5.200","5.200","5.000","26,30M","-2,88%"
"31/05/2013","4.875","5.050","5.050","4.875","42,39M","-3,47%"
"03/06/2013","4.750","4.900","4.900","4.700","37,61M","-2,56%"
"04/06/2013","4.750","4.750","4.825","4.675","36,76M","0,00%"
"05/06/2013","4.800","4.700","4.800","4.700","22,45M","1,05%"
"07/06/2013","4.700","4.800","4.800","4.600","30,35M","-2,08%"
"10/06/2013","4.650","4.725","4.725","4.550","37,14M","-1,06%"
"11/06/2013","4.500","4.600","4.600","4.250","96,75M","-3,23%"
"12/06/2013","4.500","4.425","4.500","4.325","53,25M","0,00%"
"13/06/2013","4.450","4.400","4.600","4.350","44,47M","-1,11%"
"14/06/2013","4.700","4.550","4.775","4.550","42,88M","5,62%"
"17/06/2013","4.775","4.800","4.825","4.625","20,50M","1,60%"
"18/06/2013","4.825","4.750","4.900","4.700","21,73M","1,05%"
"19/06/2013","4.700","4.850","4.850","4.700","33,63M","-2,59%"
"20/06/2013","4.325","4.500","4.550","4.325","42,78M","-7,98%"
"21/06/2013","4.150","4.175","4.275","4.100","53,54M","-4,05%"
"24/06/2013","4.100","4.150","4.200","4.050","42,38M","-1,20%"
"25/06/2013","4.025","4.225","4.275","3.975","59,62M","-1,83%"
"26/06/2013","4.200","4.075","4.225","4.075","48,71M","4,35%"
"27/06/2013","4.275","4.300","4.325","4.250","28,67M","1,79%"
"28/06/2013","4.300","4.350","4.350","4.250","56,79M","0,58%"
"01/07/2013","4.300","4.325","4.350","4.275","19,38M","0,00%"
"02/07/2013","4.150","4.275","4.300","4.125","23,88M","-3,49%"
"03/07/2013","4.075","4.125","4.200","4.025","29,37M","-1,81%"
"04/07/2013","4.000","4.100","4.150","3.900","35,83M","-1,84%"
"05/07/2013","4.075","4.050","4.075","3.975","29,10M","1,88%"
"08/07/2013","3.850","4.000","4.025","3.850","32,83M","-5,52%"
"09/07/2013","3.825","3.900","3.900","3.775","27,79M","-0,65%"
"10/07/2013","3.925","3.875","3.975","3.800","24,68M","2,61%"
"11/07/2013","4.200","3.975","4.225","3.975","39,68M","7,01%"
"12/07/2013","4.200","4.200","4.300","4.150","28,81M","0,00%"
"15/07/2013","4.175","4.200","4.200","4.100","16,24M","-0,60%"
"16/07/2013","4.175","4.225","4.225","4.125","20,32M","0,00%"
"17/07/2013","4.225","4.175","4.225","4.150","18,44M","1,20%"
"18/07/2013","4.325","4.250","4.325","4.250","14,37M","2,37%"
"19/07/2013","4.375","4.300","4.375","4.275","11,65M","1,16%"
"22/07/2013","4.225","4.325","4.350","4.225","12,31M","-3,43%"
"23/07/2013","4.350","4.225","4.425","4.225","20,98M","2,96%"
"24/07/2013","4.275","4.400","4.400","4.250","14,54M","-1,72%"
"25/07/2013","4.325","4.275","4.325","4.200","20,10M","1,17%"
"26/07/2013","4.400","4.325","4.400","4.300","21,25M","1,73%"
"29/07/2013","4.375","4.400","4.425","4.275","15,87M","-0,57%"
"30/07/2013","4.375","4.375","4.400","4.375","6,81M","0,00%"
"31/07/2013","4.275","4.400","4.400","4.250","27,48M","-2,29%"
"01/08/2013","4.250","4.300","4.350","4.175","26,12M","-0,58%"
"02/08/2013","4.300","4.300","4.325","4.250","7,76M","1,18%"
"12/08/2013","4.300","4.300","4.375","4.250","33,61M","0,00%"
"13/08/2013","4.350","4.250","4.350","4.250","19,53M","1,16%"
"14/08/2013","4.350","4.350","4.350","4.300","15,93M","0,00%"
"15/08/2013","4.300","4.350","4.350","4.275","17,50M","-1,15%"
"16/08/2013","4.100","4.300","4.300","4.075","33,09M","-4,65%"
"19/08/2013","3.875","4.000","4.000","3.800","43,64M","-5,49%"
"20/08/2013","3.700","3.800","3.800","3.450","69,03M","-4,52%"
"21/08/2013","3.750","3.750","3.875","3.675","23,94M","1,35%"
"22/08/2013","3.700","3.725","3.750","3.650","38,27M","-1,33%"
"23/08/2013","3.675","3.750","3.800","3.650","17,30M","-0,68%"
"26/08/2013","3.725","3.725","3.750","3.675","14,43M","1,36%"
"27/08/2013","3.600","3.700","3.750","3.575","18,53M","-3,36%"
"28/08/2013","3.675","3.500","3.725","3.375","32,40M","2,08%"
"29/08/2013","3.825","3.725","3.825","3.675","24,71M","4,08%"
"30/08/2013","3.850","3.800","3.850","3.750","33,62M","0,65%"
"02/09/2013","3.550","3.800","3.850","3.550","36,09M","-7,79%"
"03/09/2013","3.675","3.525","3.675","3.525","14,72M","3,52%"
"04/09/2013","3.500","3.625","3.675","3.500","17,67M","-4,76%"
"05/09/2013","3.500","3.550","3.625","3.400","29,68M","0,00%"
"06/09/2013","3.450","3.450","3.500","3.425","15,60M","-1,43%"
"09/09/2013","3.650","3.525","3.650","3.475","14,19M","5,80%"
"10/09/2013","4.100","3.725","4.175","3.700","68,85M","12,33%"
"11/09/2013","4.150","4.175","4.200","4.025","18,36M","1,22%"
"12/09/2013","4.275","4.200","4.300","4.100","23,68M","3,01%"
"13/09/2013","4.275","4.250","4.325","4.150","16,65M","0,00%"
"16/09/2013","4.400","4.325","4.400","4.325","27,84M","2,92%"
"17/09/2013","4.400","4.400","4.450","4.350","20,81M","0,00%"
"18/09/2013","4.225","4.350","4.350","4.225","16,33M","-3,98%"
"19/09/2013","4.625","4.500","5.000","4.500","81,17M","9,47%"
"20/09/2013","4.325","4.625","4.650","4.325","25,85M","-6,49%"
"23/09/2013","4.325","4.300","4.375","4.250","11,95M","0,00%"
"24/09/2013","4.250","4.325","4.500","4.225","22,11M","-1,73%"
"25/09/2013","4.350","4.100","4.350","4.075","25,80M","2,35%"
"26/09/2013","4.225","4.275","4.375","4.225","25,25M","-2,87%"
"27/09/2013","4.275","4.300","4.350","4.275","11,73M","1,18%"
"30/09/2013","4.075","4.125","4.300","4.075","21,58M","-4,68%"
"01/10/2013","4.250","4.100","4.300","4.100","19,75M","4,29%"
"02/10/2013","4.275","4.325","4.325","4.250","6,53M","0,59%"
"03/10/2013","4.300","4.300","4.325","4.275","12,37M","0,58%"
"04/10/2013","4.250","4.300","4.325","4.225","13,25M","-1,16%"
"07/10/2013","4.350","4.300","4.375","4.250","10,64M","2,35%"
"08/10/2013","4.425","4.250","4.425","4.250","21,65M","1,72%"
"09/10/2013","4.375","4.350","4.425","4.350","12,70M","-1,13%"
"10/10/2013","4.425","4.425","4.475","4.400","24,87M","1,14%"
"11/10/2013","4.525","4.475","4.700","4.450","32,22M","2,26%"
"16/10/2013","4.500","4.575","4.625","4.500","23,26M","-0,55%"
"17/10/2013","4.525","4.600","4.600","4.525","17,12M","0,56%"
"18/10/2013","4.550","4.550","4.600","4.500","17,05M","0,55%"
"21/10/2013","4.650","4.600","4.675","4.575","23,83M","2,20%"
"22/10/2013","4.575","4.625","4.625","4.550","10,73M","-1,61%"
"23/10/2013","4.600","4.600","4.650","4.575","17,09M","0,55%"
"24/10/2013","4.725","4.600","4.750","4.600","21,90M","2,72%"
"25/10/2013","4.800","4.700","4.850","4.700","27,78M","1,59%"
"28/10/2013","4.825","4.800","4.875","4.800","15,34M","0,52%"
"29/10/2013","4.775","4.825","4.825","4.725","15,00M","-1,04%"
"30/10/2013","4.825","4.825","4.825","4.775","13,65M","1,05%"
"31/10/2013","4.800","4.750","4.800","4.700","20,09M","-0,52%"
"01/11/2013","4.575","4.700","4.825","4.575","19,54M","-4,69%"
"04/11/2013","4.600","4.525","4.675","4.525","11,11M","0,55%"
"06/11/2013","4.650","4.775","4.775","4.625","12,77M","1,09%"
"07/11/2013","4.625","4.600","4.675","4.600","11,28M","-0,54%"
"08/11/2013","4.600","4.650","4.675","4.575","14,10M","-0,54%"
"11/11/2013","4.525","4.625","4.650","4.475","38,38M","-1,63%"
"12/11/2013","4.325","4.525","4.575","4.275","31,09M","-4,42%"
"13/11/2013","4.200","4.300","4.325","4.125","38,21M","-2,89%"
"14/11/2013","4.350","4.250","4.425","4.250","12,50M","3,57%"
"15/11/2013","4.300","4.425","4.475","4.300","9,22M","-1,15%"
"18/11/2013","4.475","4.400","4.475","4.375","8,47M","4,07%"
"19/11/2013","4.475","4.475","4.475","4.400","14,15M","0,00%"
"20/11/2013","4.375","4.425","4.475","4.350","10,54M","-2,23%"
"21/11/2013","4.350","4.325","4.425","4.300","14,41M","-0,57%"
"22/11/2013","4.300","4.400","4.425","4.300","8,96M","-1,15%"
"25/11/2013","4.325","4.375","4.375","4.275","3,71M","0,58%"
"26/11/2013","4.150","4.300","4.375","4.150","37,27M","-4,05%"
"27/11/2013","4.125","4.175","4.225","4.100","31,85M","-0,60%"
"28/11/2013","4.125","4.125","4.175","4.075","9,39M","0,00%"
"29/11/2013","4.100","4.100","4.175","4.050","15,51M","-0,61%"
"02/12/2013","4.250","4.125","4.275","4.125","33,16M","3,66%"
"03/12/2013","4.200","4.250","4.275","4.150","19,30M","-1,18%"
"04/12/2013","4.075","4.150","4.275","4.075","34,38M","-2,98%"
"05/12/2013","3.925","4.100","4.100","3.900","37,56M","-3,68%"
"06/12/2013","3.900","3.900","3.925","3.825","17,57M","-0,64%"
"09/12/2013","3.900","3.950","3.975","3.825","17,12M","0,00%"
"10/12/2013","3.975","3.950","4.025","3.925","20,00M","1,92%"
"11/12/2013","3.975","3.975","4.000","3.925","16,24M","0,00%"
"12/12/2013","3.850","3.925","3.950","3.850","18,08M","-3,14%"
"13/12/2013","3.825","3.850","3.900","3.775","16,94M","-0,65%"
"16/12/2013","3.800","3.825","3.825","3.700","11,22M","-0,65%"
"17/12/2013","3.900","3.875","3.900","3.825","16,40M","2,63%"
"18/12/2013","3.900","3.925","3.975","3.875","15,79M","0,00%"
"19/12/2013","3.925","3.925","3.975","3.875","11,50M","0,64%"
"20/12/2013","3.900","3.925","3.950","3.850","11,80M","-0,64%"
"23/12/2013","3.900","3.900","3.900","3.850","4,26M","0,00%"
"24/12/2013","3.900","3.950","3.950","3.850","5,84M","0,00%"
"27/12/2013","3.900","3.875","3.950","3.875","7,10M","0,00%"
"30/12/2013","3.950","3.950","3.950","3.875","7,85M","1,28%"
"01/01/2014","3.950","3.950","3.950","3.875","7,85M","0,00%"
"02/01/2014","3.950","3.950","4.000","3.925","15,75M","0,00%"
"03/01/2014","3.850","3.900","3.900","3.825","13,77M","-2,53%"
"06/01/2014","3.680","3.850","3.850","3.660","18,81M","-4,42%"
"07/01/2014","3.675","3.680","3.715","3.670","26,30M","-0,14%"
"08/01/2014","3.725","3.675","3.745","3.675","18,84M","1,36%"
"09/01/2014","3.820","3.750","3.820","3.725","19,64M","2,55%"
"10/01/2014","3.930","3.825","3.995","3.800","14,73M","2,88%"
"13/01/2014","4.225","4.100","4.230","4.085","55,46M","7,51%"
"15/01/2014","4.375","4.300","4.420","4.225","32,87M","3,55%"
"16/01/2014","4.305","4.375","4.375","4.200","12,46M","-1,60%"
"17/01/2014","4.275","4.320","4.370","4.250","10,42M","-0,70%"
"20/01/2014","4.235","4.200","4.270","4.200","6,70M","-0,94%"
"21/01/2014","4.265","4.260","4.310","4.255","9,47M","0,71%"
"22/01/2014","4.230","4.200","4.270","4.180","18,92M","-0,82%"
"23/01/2014","4.275","4.250","4.295","4.230","19,77M","1,06%"
"24/01/2014","4.300","4.275","4.305","4.205","24,74M","0,58%"
"27/01/2014","4.220","4.175","4.220","4.075","24,10M","-1,86%"
"28/01/2014","4.330","4.175","4.340","4.150","20,45M","2,61%"
"29/01/2014","4.370","4.330","4.380","4.330","22,98M","0,92%"
"30/01/2014","4.360","4.250","4.360","4.205","21,64M","-0,23%"
"03/02/2014","4.270","4.320","4.345","4.250","20,55M","-2,06%"
"04/02/2014","4.220","4.220","4.250","4.200","14,33M","-1,17%"
"05/02/2014","4.180","4.300","4.310","4.125","28,82M","-0,95%"
"06/02/2014","4.230","4.185","4.230","4.155","33,78M","1,20%"
"07/02/2014","4.250","4.245","4.280","4.235","22,07M","0,47%"
"10/02/2014","4.280","4.300","4.305","4.270","18,38M","0,71%"
"11/02/2014","4.280","4.280","4.310","4.275","33,51M","0,00%"
"12/02/2014","4.310","4.305","4.320","4.290","23,43M","0,70%"
"13/02/2014","4.315","4.300","4.335","4.285","30,54M","0,12%"
"14/02/2014","4.380","4.330","4.390","4.325","43,39M","1,51%"
"17/02/2014","4.470","4.400","4.515","4.400","54,75M","2,05%"
"18/02/2014","4.450","4.470","4.490","4.415","27,85M","-0,45%"
"19/02/2014","4.470","4.500","4.535","4.465","44,08M","0,45%"
"20/02/2014","4.500","4.435","4.515","4.430","36,03M","0,67%"
"21/02/2014","4.725","4.515","4.770","4.515","58,14M","5,00%"
"24/02/2014","4.655","4.725","4.725","4.655","26,69M","-1,48%"
"25/02/2014","4.545","4.665","4.695","4.520","34,61M","-2,36%"
"26/02/2014","4.415","4.545","4.560","4.385","49,12M","-2,86%"
"27/02/2014","4.505","4.440","4.520","4.440","41,91M","2,04%"
"28/02/2014","4.550","4.550","4.565","4.475","39,83M","1,00%"
"03/03/2014","4.450","4.470","4.525","4.450","26,74M","-2,20%"
"04/03/2014","4.505","4.490","4.520","4.455","26,80M","1,24%"
"05/03/2014","4.620","4.550","4.650","4.550","45,84M","2,55%"
"06/03/2014","4.810","4.630","4.810","4.625","48,57M","4,11%"
"07/03/2014","4.825","4.820","4.875","4.760","26,28M","0,31%"
"10/03/2014","4.840","4.650","4.840","4.650","22,55M","0,31%"
"11/03/2014","4.850","4.800","4.850","4.790","11,70M","0,21%"
"12/03/2014","4.850","4.830","4.870","4.725","20,35M","0,00%"
"13/03/2014","4.855","4.845","4.855","4.790","22,77M","0,10%"
"14/03/2014","5.175","4.790","5.325","4.790","66,18M","6,59%"
"17/03/2014","5.150","5.225","5.300","4.980","77,35M","-0,48%"
"18/03/2014","5.050","5.200","5.200","4.945","47,94M","-1,94%"
"19/03/2014","4.980","5.050","5.075","4.925","29,11M","-1,39%"
"20/03/2014","4.765","4.950","4.960","4.755","45,11M","-4,32%"
"21/03/2014","4.800","4.810","4.825","4.730","24,24M","0,73%"
"24/03/2014","4.810","4.850","4.900","4.810","26,18M","0,21%"
"25/03/2014","4.800","4.800","4.810","4.775","11,85M","-0,21%"
"26/03/2014","4.850","4.805","4.900","4.805","26,77M","1,04%"
"27/03/2014","4.900","4.890","5.000","4.875","27,63M","1,03%"
"28/03/2014","4.960","4.910","4.985","4.910","19,04M","1,22%"
"01/04/2014","5.150","5.000","5.200","4.995","44,60M","3,83%"
"02/04/2014","5.150","5.200","5.325","5.100","33,86M","0,00%"
"03/04/2014","5.225","5.200","5.225","5.150","19,63M","1,46%"
"04/04/2014","5.125","5.250","5.275","5.075","20,63M","-1,91%"
"07/04/2014","5.150","5.100","5.225","5.075","25,48M","0,49%"
"08/04/2014","5.200","5.200","5.200","5.100","32,73M","0,97%"
"10/04/2014","4.910","5.050","5.050","4.700","58,97M","-5,58%"
"11/04/2014","4.920","4.830","4.950","4.830","29,48M","0,20%"
"14/04/2014","4.950","4.940","4.970","4.925","26,41M","0,61%"
"15/04/2014","4.995","4.985","5.100","4.985","24,18M","0,91%"
"16/04/2014","5.025","5.050","5.075","5.000","15,29M","0,60%"
"17/04/2014","5.050","5.075","5.100","5.000","22,83M","0,50%"
"21/04/2014","5.075","5.100","5.100","5.050","7,07M","0,50%"
"22/04/2014","5.075","5.025","5.100","5.000","11,37M","0,00%"
"23/04/2014","5.075","5.100","5.125","5.050","15,86M","0,00%"
"24/04/2014","5.000","5.025","5.100","5.000","11,97M","-1,48%"
"25/04/2014","5.050","5.000","5.100","5.000","12,28M","1,00%"
"28/04/2014","4.970","5.050","5.075","4.970","34,29M","-1,58%"
"29/04/2014","4.835","4.880","4.895","4.805","29,79M","-2,72%"
"30/04/2014","4.815","4.860","4.865","4.800","18,12M","-0,41%"
"02/05/2014","4.825","4.825","4.850","4.815","16,40M","0,21%"
"05/05/2014","4.775","4.825","4.835","4.745","13,74M","-1,04%"
"06/05/2014","4.780","4.825","4.830","4.775","4,06M","0,10%"
"07/05/2014","4.820","4.775","4.835","4.750","20,14M","0,84%"
"08/05/2014","4.860","4.830","4.875","4.800","20,66M","0,83%"
"09/05/2014","4.865","4.870","4.870","4.845","12,47M","0,10%"
"12/05/2014","4.855","4.875","4.880","4.845","15,37M","-0,21%"
"13/05/2014","4.870","4.875","4.875","4.830","11,17M","0,31%"
"14/05/2014","4.960","4.870","4.965","4.865","76,45M","1,85%"
"16/05/2014","5.025","4.950","5.050","4.945","101,60M","1,31%"
"19/05/2014","4.950","5.075","5.150","4.895","81,15M","-1,49%"
"20/05/2014","4.805","4.905","4.950","4.720","60,25M","-2,93%"
"21/05/2014","4.810","4.750","4.820","4.735","34,25M","0,10%"
"22/05/2014","4.860","4.835","4.920","4.825","34,03M","1,04%"
"23/05/2014","4.895","4.895","4.895","4.870","17,00M","0,72%"
"26/05/2014","4.885","4.910","4.910","4.860","7,42M","-0,20%"
"28/05/2014","4.950","4.900","4.960","4.885","30,37M","1,33%"
"30/05/2014","4.775","4.970","4.980","4.775","39,56M","-3,54%"
"02/06/2014","4.780","4.810","4.820","4.710","19,45M","0,10%"
"03/06/2014","4.905","4.810","4.920","4.760","23,01M","2,62%"
"04/06/2014","4.900","4.900","4.925","4.895","15,48M","-0,10%"
"05/06/2014","4.870","4.900","4.900","4.855","15,04M","-0,61%"
"06/06/2014","4.830","4.900","4.900","4.815","30,97M","-0,82%"
"09/06/2014","4.750","4.855","4.855","4.740","24,67M","-1,66%"
"10/06/2014","4.865","4.800","4.910","4.790","21,75M","2,42%"
"11/06/2014","4.880","4.865","4.915","4.850","13,67M","0,31%"
"12/06/2014","4.810","4.880","4.880","4.795","8,70M","-1,43%"
"13/06/2014","4.830","4.815","4.840","4.800","6,06M","0,42%"
"16/06/2014","4.825","4.820","4.855","4.800","9,91M","-0,10%"
"17/06/2014","4.900","4.835","4.920","4.785","18,35M","1,55%"
"18/06/2014","4.900","4.900","4.930","4.880","18,89M","0,00%"
"19/06/2014","4.835","4.900","4.920","4.810","12,94M","-1,33%"
"20/06/2014","4.820","4.820","4.860","4.780","8,40M","-0,31%"
"23/06/2014","4.780","4.810","4.830","4.780","20,55M","-0,83%"
"24/06/2014","4.780","4.780","4.805","4.770","19,77M","0,00%"
"25/06/2014","4.785","4.760","4.840","4.750","15,88M","0,10%"
"26/06/2014","4.790","4.765","4.800","4.765","25,48M","0,10%"
"27/06/2014","4.770","4.770","4.785","4.755","15,72M","-0,42%"
"30/06/2014","4.765","4.760","4.770","4.740","27,97M","-0,10%"
"01/07/2014","4.785","4.795","4.795","4.760","14,34M","0,42%"
"02/07/2014","4.800","4.800","4.805","4.790","14,10M","0,31%"
"03/07/2014","4.745","4.780","4.785","4.745","34,72M","-1,15%"
"04/07/2014","4.750","4.750","4.765","4.740","19,67M","0,11%"
"07/07/2014","4.845","4.750","4.845","4.750","49,15M","2,00%"
"08/07/2014","4.980","4.860","5.025","4.860","67,04M","2,79%"
"09/07/2014","4.980","4.860","5.025","4.860","67,04M","0,00%"
"10/07/2014","5.175","5.100","5.300","5.075","109,59M","3,92%"
"11/07/2014","5.050","5.175","5.175","4.985","26,05M","-2,42%"
"14/07/2014","5.025","5.100","5.100","4.990","18,81M","-0,50%"
"15/07/2014","5.075","5.050","5.125","5.025","16,22M","1,00%"
"16/07/2014","5.150","5.100","5.200","5.100","29,33M","1,48%"
"17/07/2014","5.075","5.125","5.200","5.025","18,53M","-1,46%"
"18/07/2014","5.125","5.025","5.150","5.025","14,59M","0,99%"
"21/07/2014","5.150","5.175","5.200","5.125","18,07M","0,49%"
"22/07/2014","4.985","5.200","5.200","4.975","58,26M","-3,20%"
"23/07/2014","4.975","5.050","5.075","4.945","58,56M","-0,20%"
"24/07/2014","5.000","4.985","5.050","4.965","22,09M","0,50%"
"25/07/2014","5.100","5.025","5.150","4.985","42,36M","2,00%"
"04/08/2014","5.125","5.000","5.150","5.000","45,06M","0,49%"
"05/08/2014","5.150","5.150","5.150","5.100","23,73M","0,49%"
"06/08/2014","4.995","5.050","5.100","4.995","16,70M","-3,01%"
"07/08/2014","5.075","5.050","5.100","5.000","27,28M","1,60%"
"08/08/2014","5.075","5.100","5.100","5.025","12,52M","0,00%"
"11/08/2014","5.100","5.125","5.150","5.075","19,63M","0,49%"
"12/08/2014","5.125","5.150","5.150","5.100","20,22M","0,49%"
"13/08/2014","5.150","5.125","5.150","5.075","25,98M","0,49%"
"14/08/2014","5.175","5.175","5.175","5.125","27,23M","0,49%"
"15/08/2014","5.175","5.125","5.200","5.125","15,23M","0,00%"
"18/08/2014","5.250","5.175","5.250","5.150","36,75M","1,45%"
"19/08/2014","5.300","5.275","5.325","5.250","28,81M","0,95%"
"20/08/2014","5.300","5.350","5.350","5.250","25,67M","0,00%"
"21/08/2014","5.400","5.300","5.400","5.250","28,84M","1,89%"
"22/08/2014","5.350","5.400","5.400","5.250","17,22M","-0,93%"
"25/08/2014","5.425","5.325","5.450","5.300","31,33M","1,40%"
"26/08/2014","5.325","5.450","5.450","5.250","23,42M","-1,84%"
"27/08/2014","5.350","5.300","5.375","5.275","17,09M","0,47%"
"28/08/2014","5.450","5.375","5.500","5.350","31,14M","1,87%"
"29/08/2014","5.350","5.375","5.525","5.350","27,69M","-1,83%"
"01/09/2014","5.375","5.375","5.400","5.350","7,24M","0,47%"
"02/09/2014","5.525","5.400","5.600","5.400","20,55M","2,79%"
"03/09/2014","5.650","5.525","5.675","5.525","28,16M","2,26%"
"04/09/2014","5.625","5.675","5.750","5.625","26,40M","-0,44%"
"05/09/2014","5.725","5.625","5.725","5.625","26,30M","1,78%"
"08/09/2014","5.725","5.800","5.975","5.650","42,37M","0,00%"
"09/09/2014","5.675","5.700","5.850","5.650","15,03M","-0,87%"
"10/09/2014","5.650","5.675","5.700","5.600","15,74M","-0,44%"
"11/09/2014","5.800","5.650","5.825","5.650","22,90M","2,65%"
"12/09/2014","5.650","5.775","5.850","5.650","27,06M","-2,59%"
"15/09/2014","5.650","5.650","5.725","5.575","14,87M","0,00%"
"16/09/2014","5.575","5.700","5.725","5.575","16,47M","-1,33%"
"17/09/2014","5.625","5.650","5.725","5.625","11,88M","0,90%"
"18/09/2014","5.825","5.650","5.850","5.625","30,51M","3,56%"
"19/09/2014","5.825","5.875","5.925","5.800","24,82M","0,00%"
"22/09/2014","5.775","5.775","5.850","5.750","6,67M","-0,86%"
"23/09/2014","5.800","5.750","5.850","5.725","12,15M","0,43%"
"24/09/2014","5.850","5.800","5.900","5.800","14,93M","0,86%"
"25/09/2014","5.775","5.850","5.875","5.700","27,30M","-1,28%"
"26/09/2014","5.500","5.600","5.600","5.500","48,61M","-4,76%"
"29/09/2014","5.600","5.500","5.625","5.450","17,16M","1,82%"
"30/09/2014","5.525","5.575","5.625","5.500","31,49M","-1,34%"
"01/10/2014","5.575","5.475","5.625","5.475","21,14M","0,90%"
"02/10/2014","5.200","5.525","5.525","5.200","47,39M","-6,73%"
"03/10/2014","5.125","5.200","5.375","4.975","50,52M","-1,44%"
"06/10/2014","5.400","5.225","5.475","5.075","21,58M","5,37%"
"07/10/2014","5.450","5.450","5.525","5.325","17,73M","0,93%"
"08/10/2014","5.275","5.350","5.350","5.200","41,59M","-3,21%"
"09/10/2014","5.400","5.325","5.475","5.325","19,98M","2,37%"
"10/10/2014","5.350","5.275","5.450","5.275","11,78M","-0,93%"
"13/10/2014","5.275","5.275","5.350","5.275","15,52M","-1,40%"
"14/10/2014","5.275","5.275","5.375","5.250","20,33M","0,00%"
"15/10/2014","5.525","5.300","5.550","5.300","29,18M","4,74%"
"16/10/2014","5.600","5.525","5.600","5.450","31,11M","1,36%"
"17/10/2014","5.675","5.550","5.700","5.525","56,96M","1,34%"
"20/10/2014","5.700","5.750","5.825","5.700","47,18M","0,44%"
"21/10/2014","5.700","5.725","5.750","5.650","12,64M","0,00%"
"22/10/2014","5.800","5.725","5.800","5.725","15,87M","1,75%"
"23/10/2014","5.800","5.750","5.825","5.750","25,91M","0,00%"
"24/10/2014","5.800","5.825","5.850","5.675","26,11M","0,00%"
"27/10/2014","5.700","5.800","5.850","5.675","20,89M","-1,72%"
"28/10/2014","5.625","5.750","5.750","5.600","8,18M","-1,32%"
"29/10/2014","5.725","5.700","5.775","5.650","23,91M","1,78%"
"30/10/2014","5.800","5.775","5.800","5.725","16,14M","1,31%"
"31/10/2014","5.950","5.850","5.950","5.850","37,84M","2,59%"
"03/11/2014","5.950","5.950","5.950","5.875","6,14M","0,00%"
"04/11/2014","5.825","5.950","5.950","5.825","13,57M","-2,10%"
"05/11/2014","5.700","5.800","5.825","5.650","26,39M","-2,15%"
"06/11/2014","5.650","5.800","5.800","5.625","22,63M","-0,88%"
"07/11/2014","5.725","5.700","5.725","5.550","10,98M","1,33%"
"10/11/2014","5.675","5.750","5.750","5.650","12,07M","-0,87%"
"11/11/2014","5.800","5.725","5.825","5.650","18,47M","2,20%"
"12/11/2014","5.875","5.800","5.950","5.750","30,78M","1,29%"
"13/11/2014","5.875","5.900","5.900","5.800","8,45M","0,00%"
"14/11/2014","5.875","5.800","5.950","5.800","7,56M","0,00%"
"17/11/2014","5.825","5.800","5.925","5.800","11,42M","-0,85%"
"18/11/2014","5.800","5.875","5.900","5.750","25,88M","-0,43%"
"19/11/2014","5.825","5.800","5.925","5.750","19,24M","0,43%"
"20/11/2014","5.800","5.800","5.825","5.725","24,85M","-0,43%"
"21/11/2014","5.775","5.725","5.800","5.725","26,51M","-0,43%"
"24/11/2014","5.825","5.825","5.875","5.750","18,26M","0,87%"
"25/11/2014","5.875","5.850","5.950","5.800","20,78M","0,86%"
"26/11/2014","5.900","5.875","5.900","5.800","9,03M","0,43%"
"27/11/2014","6.025","5.925","6.100","5.875","21,92M","2,12%"
"28/11/2014","6.025","6.075","6.075","6.000","7,66M","0,00%"
"01/12/2014","6.225","6.000","6.225","6.000","22,90M","3,32%"
"02/12/2014","6.225","6.225","6.300","6.200","17,63M","0,00%"
"03/12/2014","6.200","6.175","6.250","6.175","12,61M","-0,40%"
"04/12/2014","6.200","6.225","6.250","6.150","18,74M","0,00%"
"05/12/2014","6.175","6.200","6.225","6.150","7,82M","-0,40%"
"08/12/2014","5.975","6.125","6.200","5.925","32,02M","-3,24%"
"09/12/2014","5.925","5.925","6.000","5.900","21,69M","-0,84%"
"10/12/2014","6.025","5.925","6.075","5.925","19,71M","1,69%"
"11/12/2014","5.975","5.975","6.025","5.950","26,47M","-0,83%"
"12/12/2014","6.000","6.000","6.125","5.950","20,82M","0,42%"
"15/12/2014","5.875","5.925","6.000","5.875","35,33M","-2,08%"
"16/12/2014","5.800","5.800","5.900","5.700","23,59M","-1,28%"
"17/12/2014","5.900","5.800","5.950","5.800","20,22M","1,72%"
"18/12/2014","5.975","6.000","6.000","5.900","29,42M","1,27%"
"19/12/2014","6.050","6.025","6.100","5.975","26,00M","1,26%"
"22/12/2014","6.125","6.100","6.125","6.075","11,04M","1,24%"
"23/12/2014","6.075","6.125","6.175","6.075","13,11M","-0,82%"
"24/12/2014","6.150","6.125","6.150","6.100","6,54M","1,23%"
"29/12/2014","6.100","6.125","6.175","6.100","4,66M","-0,81%"
"30/12/2014","6.100","6.150","6.150","6.050","9,70M","0,00%"
"02/01/2015","6.100","6.050","6.125","6.050","11,70M","0,00%"
"05/01/2015","6.025","6.075","6.075","6.000","13,82M","-1,23%"
"06/01/2015","6.025","6.000","6.050","5.950","23,80M","0,00%"
"07/01/2015","6.075","6.000","6.100","5.975","19,39M","0,83%"
"08/01/2015","6.075","6.100","6.125","6.025","16,76M","0,00%"
"09/01/2015","6.150","6.075","6.250","6.075","29,85M","1,23%"
"12/01/2015","6.075","6.100","6.225","6.075","19,55M","-1,22%"
"13/01/2015","6.150","6.075","6.175","6.075","16,15M","1,23%"
"14/01/2015","6.100","6.150","6.200","6.100","17,07M","-0,81%"
"15/01/2015","6.150","6.100","6.200","6.075","20,48M","0,82%"
"16/01/2015","5.975","6.075","6.125","5.950","28,01M","-2,85%"
"19/01/2015","5.975","6.025","6.050","5.950","13,72M","0,00%"
"20/01/2015","5.900","5.975","5.975","5.725","41,52M","-1,26%"
"21/01/2015","5.975","5.925","6.000","5.875","22,34M","1,27%"
"22/01/2015","5.950","6.000","6.050","5.950","42,08M","-0,42%"
"23/01/2015","6.100","6.025","6.175","6.025","40,01M","2,52%"
"26/01/2015","6.100","5.975","6.150","5.975","26,30M","0,00%"
"27/01/2015","6.200","6.125","6.275","6.100","38,92M","1,64%"
"28/01/2015","6.175","6.250","6.300","6.175","22,76M","-0,40%"
"29/01/2015","6.150","6.175","6.225","6.150","14,06M","-0,40%"
"30/01/2015","6.250","6.225","6.275","6.175","38,30M","1,63%"
"02/02/2015","6.250","6.200","6.275","6.175","15,36M","0,00%"
"03/02/2015","6.425","6.300","6.450","6.275","32,66M","2,80%"
"04/02/2015","6.500","6.500","6.825","6.450","43,16M","1,17%"
"05/02/2015","6.450","6.600","6.675","6.375","26,28M","-0,77%"
"06/02/2015","6.675","6.575","6.775","6.550","32,72M","3,49%"
"09/02/2015","6.875","6.775","7.075","6.725","32,43M","3,00%"
"10/02/2015","6.800","6.925","7.000","6.800","20,02M","-1,09%"
"11/02/2015","6.725","6.750","6.825","6.725","17,46M","-1,10%"
"12/02/2015","6.725","6.775","6.775","6.650","10,72M","0,00%"
"13/02/2015","6.675","6.775","6.800","6.650","14,85M","-0,74%"
"16/02/2015","6.675","6.725","6.750","6.650","11,77M","0,00%"
"17/02/2015","6.650","6.650","6.700","6.650","6,17M","-0,37%"
"18/02/2015","6.900","6.800","6.925","6.750","42,49M","3,76%"
"20/02/2015","6.900","6.975","7.075","6.900","16,17M","0,00%"
"23/02/2015","6.925","7.000","7.000","6.825","13,75M","0,36%"
"24/02/2015","6.975","6.975","7.000","6.900","17,18M","0,72%"
"25/02/2015","6.975","7.000","7.000","6.925","14,77M","0,00%"
"26/02/2015","6.925","6.925","6.975","6.850","14,26M","-0,72%"
"27/02/2015","6.875","6.975","6.975","6.875","18,98M","-0,72%"
"02/03/2015","6.850","6.925","6.950","6.825","24,65M","-0,36%"
"03/03/2015","6.675","6.825","6.875","6.650","34,93M","-2,55%"
"04/03/2015","6.650","6.675","6.750","6.550","29,38M","-0,37%"
"05/03/2015","6.675","6.650","6.725","6.650","25,14M","0,38%"
"06/03/2015","6.775","6.725","6.800","6.700","38,45M","1,50%"
"09/03/2015","6.700","6.750","6.775","6.675","30,19M","-1,11%"
"10/03/2015","6.750","6.700","6.850","6.675","39,76M","0,75%"
"11/03/2015","6.700","6.750","6.775","6.675","36,46M","-0,74%"
"12/03/2015","6.725","6.725","6.825","6.675","25,83M","0,37%"
"13/03/2015","6.750","6.775","6.775","6.700","20,00M","0,37%"
"16/03/2015","6.925","6.725","6.925","6.675","30,81M","2,59%"
"17/03/2015","6.900","6.925","6.975","6.850","20,92M","-0,36%"
"18/03/2015","6.950","6.925","6.975","6.850","19,13M","0,72%"
"19/03/2015","7.000","6.975","7.100","6.950","38,12M","0,72%"
"20/03/2015","6.950","7.000","7.000","6.925","19,48M","-0,71%"
"23/03/2015","7.000","7.000","7.025","6.925","14,04M","0,72%"
"24/03/2015","7.100","6.950","7.100","6.950","22,85M","1,43%"
"25/03/2015","7.050","7.025","7.150","6.975","20,74M","-0,70%"
"26/03/2015","7.100","7.050","7.150","7.000","22,93M","0,71%"
"27/03/2015","7.100","7.075","7.125","7.025","12,81M","0,00%"
"30/03/2015","7.000","7.150","7.200","7.000","22,38M","-1,41%"
"31/03/2015","7.225","7.150","7.225","7.125","29,88M","3,21%"
"01/04/2015","7.250","7.250","7.250","7.100","27,06M","0,35%"
"02/04/2015","7.200","7.200","7.250","7.125","17,27M","-0,69%"
"06/04/2015","7.175","7.250","7.250","7.150","14,55M","-0,35%"
"07/04/2015","7.275","7.250","7.275","7.200","20,01M","1,39%"
"08/04/2015","7.225","7.225","7.275","7.175","14,32M","-0,69%"
"09/04/2015","7.175","7.250","7.250","7.150","9,40M","-0,69%"
"10/04/2015","7.125","7.150","7.200","7.100","13,77M","-0,70%"
"13/04/2015","7.200","7.100","7.200","7.025","15,87M","1,05%"
"14/04/2015","7.100","7.175","7.175","7.075","10,98M","-1,39%"
"15/04/2015","7.100","7.075","7.100","7.000","15,45M","0,00%"
"16/04/2015","7.150","7.100","7.175","7.075","18,35M","0,70%"
"17/04/2015","7.050","7.100","7.150","7.050","12,49M","-1,40%"
"20/04/2015","7.175","7.075","7.175","7.050","9,40M","1,77%"
"21/04/2015","7.175","7.100","7.200","7.100","25,13M","0,00%"
"22/04/2015","7.100","7.225","7.225","7.100","13,62M","-1,05%"
"23/04/2015","7.125","7.150","7.175","7.100","18,29M","0,35%"
"24/04/2015","6.950","7.125","7.125","6.950","35,05M","-2,46%"
"27/04/2015","6.500","6.900","6.900","6.475","72,37M","-6,47%"
"28/04/2015","6.650","6.600","6.650","6.425","29,38M","2,31%"
"29/04/2015","6.525","6.700","6.700","6.250","56,39M","-1,88%"
"30/04/2015","6.425","6.500","6.575","6.375","64,84M","-1,53%"
"04/05/2015","6.475","6.400","6.575","6.325","27,09M","0,78%"
"05/05/2015","6.500","6.525","6.575","6.425","33,66M","0,39%"
"06/05/2015","6.550","6.500","6.600","6.425","20,70M","0,77%"
"07/05/2015","6.700","6.600","6.775","6.550","35,94M","2,29%"
"08/05/2015","6.650","6.725","6.775","6.650","16,78M","-0,75%"
"11/05/2015","6.650","6.750","6.775","6.650","17,69M","0,00%"
"12/05/2015","6.750","6.700","6.775","6.650","9,50M","1,50%"
"13/05/2015","6.825","6.800","6.850","6.750","12,27M","1,11%"
"15/05/2015","6.725","6.875","6.875","6.700","11,11M","-1,47%"
"18/05/2015","6.675","6.650","6.750","6.650","14,36M","-0,74%"
"19/05/2015","6.750","6.650","6.800","6.650","22,39M","1,12%"
"20/05/2015","6.775","6.800","6.800","6.725","11,60M","0,37%"
"21/05/2015","7.000","6.750","7.050","6.750","29,45M","3,32%"
"22/05/2015","7.075","6.925","7.125","6.875","18,76M","1,07%"
"25/05/2015","7.050","7.100","7.100","7.025","13,15M","-0,35%"
"26/05/2015","6.950","7.000","7.050","6.950","16,68M","-1,42%"
"27/05/2015","6.850","6.950","6.975","6.750","18,50M","-1,44%"
"28/05/2015","6.900","6.900","6.950","6.875","18,37M","0,73%"
"29/05/2015","6.875","6.925","6.950","6.750","23,05M","-0,36%"
"01/06/2015","6.650","6.775","6.825","6.600","27,99M","-3,27%"
"03/06/2015","6.375","6.650","6.650","6.250","38,51M","-4,14%"
"04/06/2015","6.200","6.400","6.425","6.200","53,33M","-2,75%"
"05/06/2015","6.225","6.100","6.250","6.100","25,62M","0,40%"
"08/06/2015","6.025","6.175","6.225","6.025","27,49M","-3,21%"
"09/06/2015","5.800","5.950","5.950","5.650","68,41M","-3,73%"
"10/06/2015","5.750","5.875","6.000","5.700","46,49M","-0,86%"
"11/06/2015","5.575","5.825","5.850","5.500","60,54M","-3,04%"
"12/06/2015","5.625","5.625","5.650","5.525","35,97M","0,90%"
"15/06/2015","5.375","5.550","5.575","5.375","28,90M","-4,44%"
"16/06/2015","5.500","5.325","5.525","5.200","56,27M","2,33%"
"17/06/2015","5.650","5.550","5.675","5.450","38,20M","2,73%"
"18/06/2015","5.525","5.675","5.700","5.475","30,88M","-2,21%"
"19/06/2015","5.575","5.550","5.650","5.550","34,03M","0,90%"
"22/06/2015","5.600","5.600","5.675","5.550","24,75M","0,45%"
"23/06/2015","5.575","5.650","5.650","5.500","19,75M","-0,45%"
"24/06/2015","5.500","5.575","5.650","5.450","27,39M","-1,35%"
"25/06/2015","5.350","5.450","5.475","5.325","31,02M","-2,73%"
"26/06/2015","5.275","5.250","5.400","5.250","27,84M","-1,40%"
"29/06/2015","5.250","5.200","5.275","5.100","19,05M","-0,47%"
"30/06/2015","5.300","5.275","5.350","5.200","38,31M","0,95%"
"01/07/2015","5.300","5.300","5.375","5.275","25,18M","0,00%"
"02/07/2015","5.575","5.325","5.600","5.300","60,12M","5,19%"
"03/07/2015","5.625","5.600","5.675","5.475","28,64M","0,90%"
"06/07/2015","5.450","5.525","5.625","5.400","25,69M","-3,11%"
"07/07/2015","5.550","5.450","5.550","5.450","23,24M","1,83%"
"08/07/2015","5.400","5.500","5.525","5.375","34,54M","-2,70%"
"09/07/2015","5.350","5.375","5.450","5.250","25,72M","-0,93%"
"10/07/2015","5.450","5.400","5.475","5.350","19,18M","1,87%"
"13/07/2015","5.475","5.500","5.525","5.425","19,11M","0,46%"
"14/07/2015","5.300","5.525","5.575","5.250","54,06M","-3,20%"
"15/07/2015","5.075","5.300","5.325","5.075","54,00M","-4,25%"
"22/07/2015","5.175","5.125","5.275","5.125","58,48M","1,97%"
"23/07/2015","5.100","5.175","5.225","5.075","60,66M","-1,45%"
"24/07/2015","5.000","5.075","5.100","4.985","45,80M","-1,96%"
"27/07/2015","4.850","5.000","5.050","4.800","41,51M","-3,00%"
"28/07/2015","4.745","4.800","4.830","4.735","30,22M","-2,16%"
"29/07/2015","4.640","4.800","4.830","4.620","39,71M","-2,21%"
"30/07/2015","4.480","4.695","4.710","4.450","86,78M","-3,45%"
"31/07/2015","4.760","4.460","4.790","4.450","51,99M","6,25%"
"03/08/2015","4.815","4.760","4.845","4.710","30,32M","1,16%"
"04/08/2015","4.795","4.815","4.835","4.785","25,97M","-0,42%"
"05/08/2015","5.100","4.800","5.125","4.795","40,16M","6,36%"
"06/08/2015","5.175","5.150","5.250","5.150","55,03M","1,47%"
"07/08/2015","5.000","5.100","5.125","4.990","26,84M","-3,38%"
"10/08/2015","4.890","4.945","4.950","4.855","29,14M","-2,20%"
"11/08/2015","4.665","4.905","4.940","4.600","43,15M","-4,60%"
"12/08/2015","4.510","4.580","4.585","4.455","41,73M","-3,32%"
"13/08/2015","4.630","4.540","4.730","4.540","43,29M","2,66%"
"14/08/2015","4.575","4.650","4.655","4.500","38,57M","-1,19%"
"18/08/2015","4.340","4.550","4.565","4.340","58,23M","-5,14%"
"19/08/2015","4.420","4.340","4.470","4.310","26,40M","1,84%"
"20/08/2015","4.420","4.420","4.460","4.335","31,30M","0,00%"
"21/08/2015","4.300","4.325","4.355","4.255","40,34M","-2,71%"
"24/08/2015","4.125","4.150","4.180","4.070","40,95M","-4,07%"
"25/08/2015","4.350","4.300","4.425","4.275","54,74M","5,45%"
"26/08/2015","4.505","4.300","4.515","4.290","54,03M","3,56%"
"27/08/2015","4.955","4.650","5.000","4.650","72,02M","9,99%"
"28/08/2015","5.000","5.100","5.250","5.000","54,12M","0,91%"
"31/08/2015","4.950","4.925","5.050","4.910","30,59M","-1,00%"
"01/09/2015","4.760","4.875","4.890","4.760","26,32M","-3,84%"
"02/09/2015","4.700","4.690","4.810","4.650","40,27M","-1,26%"
"03/09/2015","4.685","4.715","4.745","4.650","26,17M","-0,32%"
"04/09/2015","4.600","4.680","4.680","4.575","19,05M","-1,81%"
"07/09/2015","4.490","4.590","4.590","4.490","13,58M","-2,39%"
"08/09/2015","4.715","4.390","4.725","4.390","21,12M","5,01%"
"09/09/2015","4.665","4.775","4.800","4.665","43,48M","-1,06%"
"10/09/2015","4.485","4.570","4.570","4.410","35,36M","-3,86%"
"11/09/2015","4.405","4.450","4.510","4.400","33,45M","-1,78%"
"14/09/2015","4.450","4.370","4.450","4.370","14,55M","1,02%"
"15/09/2015","4.360","4.350","4.400","4.320","39,17M","-2,02%"
"16/09/2015","4.315","4.375","4.395","4.310","38,29M","-1,03%"
"17/09/2015","4.350","4.290","4.390","4.165","117,30M","0,81%"
"18/09/2015","4.285","4.400","4.470","4.285","82,99M","-1,49%"
"21/09/2015","4.330","4.220","4.330","4.200","17,35M","1,05%"
"22/09/2015","4.300","4.335","4.390","4.275","25,05M","-0,69%"
"23/09/2015","4.280","4.290","4.290","4.190","22,37M","-0,47%"
"25/09/2015","4.110","4.220","4.220","4.085","49,35M","-3,97%"
"28/09/2015","3.940","4.090","4.095","3.935","25,01M","-4,14%"
"29/09/2015","4.070","3.825","4.080","3.800","24,80M","3,30%"
"30/09/2015","4.135","4.125","4.155","4.070","31,74M","1,60%"
"01/10/2015","4.195","4.170","4.205","4.120","27,13M","1,45%"
"02/10/2015","4.145","4.155","4.180","4.075","23,34M","-1,19%"
"05/10/2015","4.400","4.170","4.430","4.170","58,01M","6,15%"
"06/10/2015","4.535","4.470","4.700","4.450","62,61M","3,07%"
"07/10/2015","4.700","4.620","4.700","4.525","32,35M","3,64%"
"08/10/2015","4.830","4.700","4.890","4.695","65,11M","2,77%"
"09/10/2015","5.025","4.950","5.075","4.945","42,56M","4,04%"
"12/10/2015","5.025","5.075","5.125","5.000","29,43M","0,00%"
"13/10/2015","4.835","5.050","5.050","4.810","36,14M","-3,78%"
"15/10/2015","5.025","4.935","5.100","4.935","30,35M","3,93%"
"16/10/2015","5.100","5.125","5.150","5.050","21,68M","1,49%"
"19/10/2015","5.125","5.150","5.200","5.075","18,22M","0,49%"
"20/10/2015","5.200","5.075","5.250","5.075","20,26M","1,46%"
"21/10/2015","5.225","5.250","5.300","5.175","17,60M","0,48%"
"22/10/2015","5.225","5.250","5.275","5.175","16,94M","0,00%"
"23/10/2015","5.275","5.325","5.375","5.200","27,04M","0,96%"
"26/10/2015","5.300","5.325","5.350","5.250","18,35M","0,47%"
"27/10/2015","5.175","5.200","5.225","5.100","14,81M","-2,36%"
"28/10/2015","5.025","5.100","5.125","5.000","37,55M","-2,90%"
"29/10/2015","4.815","5.000","5.000","4.795","42,06M","-4,18%"
"30/10/2015","4.755","4.780","4.835","4.700","37,73M","-1,25%"
"02/11/2015","4.815","4.740","4.815","4.650","15,14M","1,26%"
"03/11/2015","4.950","4.900","5.050","4.885","34,76M","2,80%"
"04/11/2015","5.000","5.025","5.100","4.995","19,25M","1,01%"
"05/11/2015","4.945","4.990","5.025","4.915","13,63M","-1,10%"
"06/11/2015","4.815","4.980","5.025","4.815","11,94M","-2,63%"
"09/11/2015","4.875","4.865","4.915","4.785","17,43M","1,25%"
"10/11/2015","4.830","4.780","4.920","4.760","15,33M","-0,92%"
"11/11/2015","4.800","4.850","4.850","4.800","12,12M","-0,62%"
"12/11/2015","4.960","4.810","4.985","4.805","19,14M","3,33%"
"13/11/2015","4.840","4.945","4.965","4.805","24,41M","-2,42%"
"16/11/2015","4.820","4.780","4.865","4.760","12,01M","-0,41%"
"17/11/2015","5.000","4.865","5.025","4.860","16,79M","3,73%"
"18/11/2015","5.025","5.025","5.075","4.930","19,08M","0,50%"
"19/11/2015","5.200","5.100","5.225","5.075","27,58M","3,48%"
"20/11/2015","5.200","5.050","5.250","5.050","16,61M","0,00%"
"23/11/2015","5.200","5.250","5.250","5.150","12,17M","0,00%"
"24/11/2015","5.150","5.100","5.200","5.100","13,14M","-0,96%"
"25/11/2015","5.175","5.125","5.200","5.125","31,54M","0,49%"
"26/11/2015","5.125","5.200","5.225","5.100","15,80M","-0,97%"
"27/11/2015","4.980","5.175","5.175","4.980","12,99M","-2,83%"
"30/11/2015","4.770","5.000","5.025","4.770","62,90M","-4,22%"
"01/12/2015","4.970","4.855","4.990","4.855","42,40M","4,19%"
"02/12/2015","4.985","5.000","5.000","4.955","25,25M","0,30%"
"03/12/2015","4.990","4.955","5.000","4.940","21,10M","0,10%"
"04/12/2015","4.955","4.930","4.980","4.910","30,52M","-0,70%"
"07/12/2015","5.000","5.000","5.025","4.985","14,92M","0,91%"
"08/12/2015","4.995","4.985","5.050","4.960","17,62M","-0,10%"
"10/12/2015","5.000","4.925","5.000","4.920","28,90M","0,10%"
"11/12/2015","4.930","5.000","5.025","4.930","20,66M","-1,40%"
"14/12/2015","4.800","4.850","4.870","4.780","24,87M","-2,64%"
"15/12/2015","4.790","4.800","4.810","4.780","24,78M","-0,21%"
"16/12/2015","5.000","4.875","5.000","4.820","28,26M","4,38%"
"17/12/2015","5.050","5.100","5.150","5.050","32,57M","1,00%"
"18/12/2015","4.960","5.025","5.025","4.955","20,91M","-1,78%"
"21/12/2015","4.855","4.930","4.995","4.825","25,44M","-2,12%"
"22/12/2015","4.905","4.870","4.930","4.865","12,20M","1,03%"
"23/12/2015","4.880","4.950","4.950","4.865","10,19M","-0,51%"
"28/12/2015","5.000","4.935","5.025","4.880","12,87M","2,46%"
"29/12/2015","4.990","5.000","5.025","4.975","5,90M","-0,20%"
"30/12/2015","4.990","5.000","5.050","4.985","19,96M","0,00%"
"04/01/2016","4.890","4.990","5.025","4.885","13,66M","-2,00%"
"05/01/2016","4.950","4.890","4.975","4.890","26,46M","1,23%"
"06/01/2016","5.050","4.960","5.200","4.935","36,38M","2,02%"
"07/01/2016","4.985","5.000","5.075","4.985","18,65M","-1,29%"
"08/01/2016","5.000","5.000","5.050","4.975","24,35M","0,30%"
"11/01/2016","4.935","4.975","4.975","4.925","21,52M","-1,30%"
"12/01/2016","4.920","4.975","5.000","4.920","21,76M","-0,30%"
"13/01/2016","4.985","4.990","5.025","4.945","25,42M","1,32%"
"14/01/2016","5.025","4.930","5.050","4.885","46,65M","0,80%"
"15/01/2016","4.975","5.050","5.075","4.975","18,45M","-1,00%"
"18/01/2016","4.920","4.930","4.970","4.915","23,96M","-1,11%"
"19/01/2016","4.960","4.920","4.960","4.910","9,84M","0,81%"
"20/01/2016","4.850","4.940","4.945","4.850","33,40M","-2,22%"
"21/01/2016","4.870","4.875","4.925","4.865","17,10M","0,41%"
"22/01/2016","5.000","4.925","5.025","4.920","35,58M","2,67%"
"25/01/2016","5.025","5.050","5.150","5.000","42,40M","0,50%"
"26/01/2016","4.930","4.980","5.025","4.905","26,39M","-1,89%"
"27/01/2016","4.950","4.960","4.985","4.915","17,88M","0,41%"
"28/01/2016","4.960","4.950","4.965","4.905","22,21M","0,20%"
"29/01/2016","4.910","4.960","4.980","4.875","50,07M","-1,01%"
"01/02/2016","4.880","4.950","4.955","4.835","38,57M","-0,61%"
"02/02/2016","4.890","4.880","4.925","4.875","16,57M","0,20%"
"03/02/2016","4.870","4.845","4.880","4.840","33,17M","-0,41%"
"04/02/2016","4.950","4.905","4.955","4.890","33,35M","1,64%"
"05/02/2016","5.275","4.960","5.325","4.955","113,31M","6,57%"
"09/02/2016","5.300","5.225","5.425","5.200","56,09M","0,47%"
"10/02/2016","5.325","5.250","5.375","5.250","17,26M","0,47%"
"11/02/2016","5.400","5.300","5.500","5.300","55,33M","1,41%"
"12/02/2016","5.275","5.350","5.500","5.275","25,99M","-2,31%"
"15/02/2016","5.400","5.375","5.425","5.350","24,62M","2,37%"
"16/02/2016","5.400","5.375","5.475","5.325","14,71M","0,00%"
"17/02/2016","5.475","5.425","5.550","5.400","31,71M","1,39%"
"18/02/2016","5.450","5.550","5.675","5.450","52,62M","-0,46%"
"19/02/2016","5.100","5.150","5.250","5.100","119,55M","-6,42%"
"22/02/2016","5.000","5.125","5.150","4.985","54,93M","-1,96%"
"23/02/2016","4.955","5.025","5.050","4.880","48,32M","-0,90%"
"24/02/2016","5.125","4.970","5.125","4.965","32,58M","3,43%"
"25/02/2016","5.000","5.100","5.125","4.980","19,02M","-2,44%"
"26/02/2016","5.025","5.050","5.075","5.000","27,10M","0,50%"
"29/02/2016","5.075","5.050","5.075","5.000","25,26M","1,00%"
"01/03/2016","4.990","5.075","5.100","4.965","34,58M","-1,67%"
"02/03/2016","5.000","5.025","5.075","4.990","38,14M","0,20%"
"03/03/2016","5.150","5.050","5.200","5.050","47,90M","3,00%"
"04/03/2016","5.275","5.175","5.300","5.175","36,42M","2,43%"
"07/03/2016","5.300","5.300","5.375","5.275","34,77M","0,47%"
"08/03/2016","5.275","5.325","5.350","5.175","26,22M","-0,47%"
"10/03/2016","5.250","5.250","5.275","5.175","23,57M","-0,47%"
"11/03/2016","5.350","5.225","5.375","5.200","30,40M","1,90%"
"14/03/2016","5.325","5.425","5.425","5.300","24,80M","-0,47%"
"15/03/2016","5.350","5.375","5.375","5.300","16,13M","0,47%"
"16/03/2016","5.350","5.400","5.400","5.325","29,00M","0,00%"
"17/03/2016","5.375","5.400","5.425","5.375","46,28M","0,47%"
"18/03/2016","5.375","5.300","5.400","5.275","34,66M","0,00%"
"21/03/2016","5.375","5.400","5.450","5.350","21,80M","0,00%"
"22/03/2016","5.375","5.400","5.425","5.350","30,53M","0,00%"
"23/03/2016","5.300","5.425","5.425","5.250","22,58M","-1,40%"
"24/03/2016","5.150","5.300","5.300","5.125","20,90M","-2,83%"
"28/03/2016","5.100","5.100","5.150","5.075","8,74M","-0,97%"
"29/03/2016","5.050","5.075","5.125","5.000","13,97M","-0,98%"
"30/03/2016","5.175","5.100","5.175","5.075","24,92M","2,48%"
"31/03/2016","5.200","5.200","5.225","5.150","27,79M","0,48%"
"01/04/2016","5.100","5.100","5.150","5.050","19,40M","-1,92%"
"04/04/2016","5.125","5.125","5.150","5.075","14,51M","0,49%"
"05/04/2016","5.200","5.125","5.275","5.100","32,55M","1,46%"
"06/04/2016","5.200","5.225","5.275","5.200","16,33M","0,00%"
"07/04/2016","5.275","5.275","5.300","5.250","35,76M","1,44%"
"08/04/2016","5.200","5.275","5.275","5.150","23,82M","-1,42%"
"11/04/2016","5.075","5.225","5.275","5.025","26,05M","-2,40%"
"12/04/2016","5.100","5.100","5.175","5.050","23,05M","0,49%"
"13/04/2016","5.050","5.150","5.200","5.025","28,91M","-0,98%"
"14/04/2016","5.025","5.100","5.100","5.025","15,62M","-0,50%"
"15/04/2016","4.840","5.075","5.075","4.825","53,55M","-3,68%"
"18/04/2016","5.025","4.800","5.025","4.800","40,99M","3,82%"
"19/04/2016","4.915","5.000","5.050","4.880","47,17M","-2,19%"
"20/04/2016","4.910","4.900","4.940","4.890","57,42M","-0,10%"
"21/04/2016","4.930","4.905","4.965","4.905","40,49M","0,41%"
"22/04/2016","4.895","4.920","4.935","4.880","39,20M","-0,71%"
"25/04/2016","4.795","4.895","4.915","4.770","58,93M","-2,04%"
"26/04/2016","4.650","4.785","4.785","4.605","88,22M","-3,02%"
"27/04/2016","4.610","4.650","4.695","4.610","51,27M","-0,86%"
"28/04/2016","4.620","4.675","4.680","4.610","40,00M","0,22%"
"29/04/2016","4.585","4.625","4.630","4.570","24,10M","-0,76%"
"02/05/2016","4.490","4.580","4.580","4.470","33,07M","-2,07%"
"03/05/2016","4.630","4.500","4.670","4.500","71,80M","3,12%"
"04/05/2016","4.620","4.630","4.650","4.520","42,59M","-0,22%"
"09/05/2016","4.490","4.650","4.650","4.470","39,95M","-2,81%"
"10/05/2016","4.560","4.500","4.570","4.450","33,09M","1,56%"
"11/05/2016","4.680","4.600","4.680","4.560","43,83M","2,63%"
"12/05/2016","4.590","4.650","4.700","4.560","20,10M","-1,92%"
"13/05/2016","4.480","4.620","4.620","4.440","23,97M","-2,40%"
"16/05/2016","4.410","4.500","4.500","4.400","17,22M","-1,56%"
"17/05/2016","4.310","4.450","4.470","4.280","28,55M","-2,27%"
"18/05/2016","4.400","4.310","4.420","4.270","41,50M","2,09%"
"19/05/2016","4.360","4.400","4.420","4.290","33,42M","-0,91%"
"20/05/2016","4.380","4.330","4.400","4.310","19,17M","0,46%"
"23/05/2016","4.430","4.380","4.440","4.360","22,63M","1,14%"
"24/05/2016","4.440","4.430","4.460","4.410","30,45M","0,23%"
"25/05/2016","4.510","4.480","4.520","4.470","26,48M","1,58%"
"26/05/2016","4.550","4.540","4.570","4.480","29,01M","0,89%"
"27/05/2016","4.630","4.550","4.680","4.530","36,12M","1,76%"
"30/05/2016","4.720","4.680","4.760","4.650","35,14M","1,94%"
"31/05/2016","4.800","4.750","4.800","4.670","53,91M","1,69%"
"01/06/2016","4.770","4.720","4.790","4.720","19,62M","-0,63%"
"02/06/2016","4.690","4.730","4.750","4.650","22,59M","-1,68%"
"03/06/2016","4.700","4.710","4.730","4.670","15,44M","0,21%"
"06/06/2016","4.770","4.730","4.770","4.720","20,11M","1,49%"
"07/06/2016","4.820","4.780","4.850","4.770","38,51M","1,05%"
"08/06/2016","4.820","4.820","4.840","4.790","22,70M","0,00%"
"09/06/2016","4.770","4.820","4.830","4.770","17,11M","-1,04%"
"10/06/2016","4.760","4.760","4.820","4.750","10,95M","-0,21%"
"13/06/2016","4.690","4.760","4.760","4.670","11,03M","-1,47%"
"14/06/2016","4.660","4.690","4.720","4.650","16,08M","-0,64%"
"15/06/2016","4.730","4.670","4.730","4.660","15,87M","1,50%"
"16/06/2016","4.670","4.740","4.760","4.650","12,68M","-1,27%"
"17/06/2016","4.660","4.700","4.720","4.600","16,78M","-0,21%"
"20/06/2016","4.720","4.680","4.750","4.660","13,55M","1,29%"
"21/06/2016","4.850","4.730","4.850","4.730","30,03M","2,75%"
"22/06/2016","4.920","4.850","4.920","4.830","27,50M","1,44%"
"23/06/2016","4.890","4.920","4.920","4.860","13,12M","-0,61%"
"24/06/2016","4.890","4.890","4.900","4.690","21,17M","0,00%"
"27/06/2016","4.840","4.840","4.870","4.790","17,15M","-1,02%"
"28/06/2016","4.950","4.840","4.950","4.840","44,68M","2,27%"
"29/06/2016","5.200","4.980","5.200","4.980","96,65M","5,05%"
"30/06/2016","5.200","5.250","5.275","5.125","44,91M","0,00%"
"01/07/2016","5.150","5.225","5.225","5.100","9,47M","-0,96%"
"11/07/2016","5.300","5.250","5.350","5.250","41,02M","2,91%"
"12/07/2016","5.425","5.325","5.450","5.300","44,64M","2,36%"
"13/07/2016","5.400","5.475","5.475","5.350","16,18M","-0,46%"
"14/07/2016","5.300","5.450","5.450","5.300","19,32M","-1,85%"
"15/07/2016","5.450","5.375","5.450","5.350","24,53M","2,83%"
"18/07/2016","5.475","5.400","5.475","5.350","11,57M","0,46%"
"19/07/2016","5.600","5.500","5.675","5.450","33,77M","2,28%"
"20/07/2016","5.650","5.600","5.700","5.575","23,69M","0,89%"
"21/07/2016","5.575","5.675","5.675","5.525","16,93M","-1,33%"
"22/07/2016","5.300","5.500","5.500","5.300","41,48M","-4,93%"
"25/07/2016","5.175","5.350","5.375","5.125","49,90M","-2,36%"
"26/07/2016","5.225","5.175","5.325","5.150","46,67M","0,97%"
"27/07/2016","5.375","5.300","5.450","5.275","71,19M","2,87%"
"28/07/2016","5.400","5.425","5.450","5.300","25,05M","0,47%"
"29/07/2016","5.350","5.425","5.450","5.275","29,66M","-0,93%"
"01/08/2016","5.525","5.400","5.575","5.400","48,96M","3,27%"
"02/08/2016","5.475","5.525","5.550","5.475","22,92M","-0,90%"
"03/08/2016","5.425","5.450","5.500","5.400","17,14M","-0,91%"
"04/08/2016","5.450","5.475","5.500","5.425","17,21M","0,46%"
"05/08/2016","5.650","5.500","5.725","5.500","85,69M","3,67%"
"08/08/2016","5.850","5.725","5.875","5.725","61,71M","3,54%"
"09/08/2016","5.800","5.850","5.900","5.750","32,53M","-0,85%"
"10/08/2016","5.700","5.825","5.975","5.675","26,52M","-1,72%"
"11/08/2016","5.625","5.750","5.775","5.625","21,52M","-1,32%"
"12/08/2016","5.625","5.650","5.700","5.600","32,39M","0,00%"
"15/08/2016","5.650","5.625","5.675","5.475","32,76M","0,44%"
"16/08/2016","5.800","5.650","5.800","5.650","29,50M","2,65%"
"18/08/2016","5.875","5.825","5.950","5.800","50,59M","1,29%"
"19/08/2016","5.850","5.875","5.975","5.825","20,93M","-0,43%"
"22/08/2016","5.775","5.750","5.800","5.650","24,55M","-1,28%"
"23/08/2016","5.800","5.675","5.825","5.625","25,04M","0,43%"
"24/08/2016","5.825","5.775","5.850","5.750","8,71M","0,43%"
"25/08/2016","5.850","5.825","5.850","5.750","18,19M","0,43%"
"26/08/2016","5.825","5.850","5.850","5.775","9,52M","-0,43%"
"29/08/2016","5.800","5.825","5.825","5.725","17,10M","-0,43%"
"30/08/2016","5.825","5.750","5.825","5.750","22,15M","0,43%"
"31/08/2016","5.875","5.775","5.875","5.750","16,50M","0,86%"
"01/09/2016","5.850","5.875","5.875","5.800","10,06M","-0,43%"
"02/09/2016","5.825","5.850","5.875","5.775","19,30M","-0,43%"
"05/09/2016","5.825","5.825","5.875","5.825","12,05M","0,00%"
"06/09/2016","5.850","5.750","5.850","5.750","16,91M","0,43%"
"07/09/2016","5.825","5.825","5.875","5.800","17,73M","-0,43%"
"08/09/2016","5.800","5.800","5.850","5.725","12,68M","-0,43%"
"09/09/2016","5.675","5.750","5.750","5.575","37,65M","-2,16%"
"13/09/2016","5.625","5.600","5.750","5.525","29,58M","-0,88%"
"14/09/2016","5.500","5.625","5.625","5.350","44,21M","-2,22%"
"15/09/2016","5.525","5.450","5.550","5.350","71,32M","0,45%"
"16/09/2016","5.475","5.575","5.625","5.425","57,57M","-0,90%"
"19/09/2016","5.300","5.525","5.525","5.300","43,00M","-3,20%"
"20/09/2016","5.450","5.325","5.450","5.325","33,49M","2,83%"
"21/09/2016","5.475","5.400","5.500","5.375","21,62M","0,46%"
"22/09/2016","5.575","5.550","5.600","5.450","28,39M","1,83%"
"23/09/2016","5.525","5.500","5.575","5.450","28,01M","-0,90%"
"26/09/2016","5.525","5.575","5.575","5.500","11,39M","0,00%"
"27/09/2016","5.600","5.475","5.625","5.425","37,86M","1,36%"
"28/09/2016","5.625","5.600","5.650","5.550","23,49M","0,45%"
"29/09/2016","5.600","5.675","5.675","5.575","11,25M","-0,44%"
"30/09/2016","5.550","5.600","5.625","5.500","23,01M","-0,89%"
"03/10/2016","5.625","5.600","5.625","5.550","11,81M","1,35%"
"04/10/2016","5.575","5.575","5.625","5.500","18,86M","-0,89%"
"05/10/2016","5.525","5.550","5.575","5.450","23,20M","-0,90%"
"06/10/2016","5.400","5.525","5.550","5.350","28,81M","-2,26%"
"07/10/2016","5.300","5.400","5.400","5.250","26,48M","-1,85%"
"10/10/2016","5.300","5.325","5.350","5.275","10,65M","0,00%"
"11/10/2016","5.200","5.300","5.350","5.150","25,48M","-1,89%"
"12/10/2016","5.175","5.175","5.200","5.150","20,31M","-0,48%"
"13/10/2016","5.375","5.200","5.425","5.150","75,76M","3,86%"
"14/10/2016","5.475","5.425","5.500","5.350","35,60M","1,86%"
"17/10/2016","5.500","5.450","5.550","5.425","24,39M","0,46%"
"18/10/2016","5.400","5.475","5.525","5.375","32,24M","-1,82%"
"19/10/2016","5.400","5.425","5.450","5.375","19,37M","0,00%"
"20/10/2016","5.450","5.450","5.500","5.425","14,01M","0,93%"
"21/10/2016","5.425","5.425","5.475","5.425","8,49M","-0,46%"
"24/10/2016","5.450","5.425","5.500","5.425","6,45M","0,46%"
"25/10/2016","5.475","5.450","5.500","5.400","13,46M","0,46%"
"26/10/2016","5.450","5.475","5.500","5.425","19,85M","-0,46%"
"27/10/2016","5.525","5.475","5.525","5.400","18,36M","1,38%"
"28/10/2016","5.525","5.525","5.550","5.500","12,60M","0,00%"
"31/10/2016","5.575","5.550","5.600","5.525","13,68M","0,90%"
"01/11/2016","5.525","5.600","5.600","5.500","8,44M","-0,90%"
"02/11/2016","5.525","5.525","5.525","5.425","10,43M","0,00%"
"03/11/2016","5.475","5.475","5.525","5.450","14,27M","-0,90%"
"04/11/2016","5.600","5.400","5.625","5.400","20,03M","2,28%"
"07/11/2016","5.575","5.550","5.650","5.500","21,13M","-0,45%"
"08/11/2016","5.725","5.625","5.725","5.575","25,39M","2,69%"
"09/11/2016","5.575","5.700","5.700","5.400","40,12M","-2,62%"
"10/11/2016","5.575","5.625","5.650","5.550","19,67M","0,00%"
"11/11/2016","5.150","5.450","5.450","5.025","73,67M","-7,62%"
"14/11/2016","5.125","5.050","5.250","4.810","38,60M","-0,49%"
"15/11/2016","5.000","5.125","5.250","5.000","47,33M","-2,44%"
"16/11/2016","5.225","5.075","5.325","5.075","42,75M","4,50%"
"17/11/2016","5.225","5.225","5.325","5.200","23,88M","0,00%"
"18/11/2016","5.225","5.300","5.300","5.200","13,81M","0,00%"
"21/11/2016","5.200","5.300","5.300","5.200","23,03M","-0,48%"
"22/11/2016","5.250","5.200","5.250","5.150","14,51M","0,96%"
"23/11/2016","5.125","5.200","5.225","5.100","33,73M","-2,38%"
"24/11/2016","5.000","5.100","5.175","5.000","28,69M","-2,44%"
"25/11/2016","5.025","5.000","5.150","5.000","10,26M","0,50%"
"28/11/2016","5.075","5.025","5.100","5.025","7,86M","1,00%"
"29/11/2016","5.100","5.075","5.200","5.075","10,76M","0,49%"
"30/11/2016","5.175","5.150","5.275","5.125","26,16M","1,47%"
"01/12/2016","5.275","5.200","5.300","5.200","20,27M","1,93%"
"02/12/2016","5.300","5.300","5.350","5.250","10,15M","0,47%"
"05/12/2016","5.325","5.275","5.375","5.275","13,52M","0,47%"
"06/12/2016","5.375","5.400","5.400","5.325","15,42M","0,94%"
"07/12/2016","5.350","5.350","5.425","5.325","9,97M","-0,47%"
"08/12/2016","5.425","5.375","5.425","5.350","12,39M","1,40%"
"09/12/2016","5.475","5.500","5.525","5.400","5,44M","0,92%"
"13/12/2016","5.475","5.400","5.525","5.400","21,18M","0,00%"
"14/12/2016","5.475","5.550","5.550","5.450","10,63M","0,00%"
"15/12/2016","5.400","5.400","5.475","5.350","12,41M","-1,37%"
"16/12/2016","5.350","5.500","5.500","5.350","20,73M","-0,93%"
"19/12/2016","5.425","5.425","5.500","5.375","16,24M","1,40%"
"20/12/2016","5.400","5.500","5.500","5.350","8,61M","-0,46%"
"21/12/2016","5.350","5.450","5.475","5.350","16,05M","-0,93%"
"22/12/2016","5.300","5.425","5.450","5.275","8,04M","-0,93%"
"23/12/2016","5.250","5.275","5.400","5.225","9,15M","-0,94%"
"27/12/2016","5.250","5.200","5.300","5.200","3,93M","0,00%"
"28/12/2016","5.375","5.250","5.450","5.250","13,78M","2,38%"
"29/12/2016","5.475","5.375","5.525","5.375","19,41M","1,86%"
"30/12/2016","5.525","5.500","5.650","5.450","28,43M","0,91%"
"03/01/2017","5.475","5.525","5.525","5.450","6,71M","-0,90%"
"04/01/2017","5.600","5.500","5.600","5.475","21,41M","2,28%"
"05/01/2017","5.625","5.650","5.650","5.550","10,54M","0,45%"
"06/01/2017","5.600","5.600","5.675","5.575","11,66M","-0,44%"
"09/01/2017","5.550","5.650","5.675","5.550","5,59M","-0,89%"
"10/01/2017","5.600","5.625","5.625","5.550","9,26M","0,90%"
"11/01/2017","5.600","5.625","5.625","5.575","12,12M","0,00%"
"12/01/2017","5.550","5.625","5.625","5.550","5,23M","-0,89%"
"13/01/2017","5.475","5.550","5.600","5.400","10,90M","-1,35%"
"16/01/2017","5.475","5.525","5.625","5.475","17,42M","0,00%"
"17/01/2017","5.525","5.475","5.550","5.475","18,35M","0,91%"
"18/01/2017","5.575","5.575","5.575","5.525","20,68M","0,90%"
"19/01/2017","5.450","5.575","5.600","5.450","12,43M","-2,24%"
"20/01/2017","5.450","5.475","5.525","5.450","11,50M","0,00%"
"23/01/2017","5.525","5.500","5.575","5.450","17,99M","1,38%"
"24/01/2017","5.550","5.550","5.575","5.500","10,05M","0,45%"
"25/01/2017","5.500","5.600","5.600","5.500","25,85M","-0,90%"
"26/01/2017","5.600","5.550","5.625","5.525","32,74M","1,82%"
"27/01/2017","5.750","5.600","5.800","5.575","60,70M","2,68%"
"30/01/2017","5.725","5.775","5.800","5.700","28,48M","-0,43%"
"31/01/2017","5.700","5.700","5.725","5.625","19,78M","-0,44%"
"01/02/2017","5.950","5.700","5.950","5.675","69,95M","4,39%"
"02/02/2017","6.025","5.975","6.075","5.950","43,32M","1,26%"
"03/02/2017","5.975","6.000","6.025","5.950","18,21M","-0,83%"
"06/02/2017","6.025","6.050","6.150","6.000","24,97M","0,84%"
"07/02/2017","6.100","6.025","6.100","6.025","25,39M","1,24%"
"08/02/2017","6.125","6.125","6.175","6.075","52,19M","0,41%"
"09/02/2017","6.200","6.175","6.250","6.150","65,36M","1,22%"
"10/02/2017","6.250","6.250","6.275","6.200","44,43M","0,81%"
"13/02/2017","6.300","6.300","6.300","6.250","28,82M","0,80%"
"14/02/2017","6.300","6.300","6.325","6.175","23,10M","0,00%"
"16/02/2017","6.200","6.250","6.275","6.125","44,17M","-1,59%"
"17/02/2017","6.300","6.300","6.300","6.200","17,06M","1,61%"
"20/02/2017","6.275","6.250","6.300","6.200","16,15M","-0,40%"
"21/02/2017","6.275","6.300","6.300","6.200","19,93M","0,00%"
"22/02/2017","6.275","6.275","6.300","6.200","20,59M","0,00%"
"23/02/2017","6.325","6.250","6.325","6.225","13,06M","0,80%"
"24/02/2017","6.350","6.350","6.375","6.275","18,72M","0,40%"
"27/02/2017","6.175","6.350","6.350","6.125","31,16M","-2,76%"
"28/02/2017","6.250","6.200","6.275","6.175","18,74M","1,21%"
"01/03/2017","6.225","6.150","6.250","6.150","21,82M","-0,40%"
"02/03/2017","6.225","6.275","6.350","6.225","20,19M","0,00%"
"03/03/2017","6.350","6.300","6.350","6.250","25,25M","2,01%"
"06/03/2017","6.300","6.350","6.350","6.275","14,30M","-0,79%"
"07/03/2017","6.300","6.350","6.350","6.250","18,35M","0,00%"
"08/03/2017","6.275","6.300","6.300","6.250","13,13M","-0,40%"
"09/03/2017","6.400","6.350","6.400","6.275","11,00M","1,99%"
"10/03/2017","6.300","6.400","6.425","6.300","12,56M","-1,56%"
"13/03/2017","6.350","6.450","6.450","6.300","20,44M","0,79%"
"14/03/2017","6.375","6.400","6.425","6.325","8,18M","0,39%"
"15/03/2017","6.400","6.300","6.425","6.300","20,86M","0,39%"
"16/03/2017","6.600","6.450","6.600","6.400","43,97M","3,13%"
"17/03/2017","6.700","6.650","6.700","6.575","38,82M","1,52%"
"20/03/2017","6.600","6.600","6.775","6.550","21,97M","-1,49%"
"21/03/2017","6.575","6.600","6.625","6.450","29,08M","-0,38%"
"22/03/2017","6.600","6.550","6.600","6.425","47,21M","0,38%"
"23/03/2017","6.900","6.675","6.950","6.650","54,96M","4,55%"
"24/03/2017","6.800","6.750","6.825","6.700","20,22M","-1,45%"
"27/03/2017","6.525","6.775","6.775","6.475","34,91M","-4,04%"
"29/03/2017","6.600","6.525","6.750","6.525","35,46M","1,15%"
"30/03/2017","6.375","6.625","6.625","6.350","47,61M","-3,41%"
"31/03/2017","6.475","6.400","6.475","6.375","49,10M","1,57%"
"03/04/2017","6.450","6.400","6.500","6.400","18,76M","-0,39%"
"04/04/2017","6.550","6.500","6.600","6.450","14,39M","1,55%"
"05/04/2017","6.575","6.575","6.600","6.525","17,15M","0,38%"
"06/04/2017","6.700","6.575","6.700","6.525","21,15M","1,90%"
"07/04/2017","6.475","6.600","6.625","6.450","34,83M","-3,36%"
"10/04/2017","6.450","6.475","6.575","6.425","27,83M","-0,39%"
"11/04/2017","6.375","6.450","6.450","6.325","21,86M","-1,16%"
"12/04/2017","6.375","6.400","6.425","6.300","24,85M","0,00%"
"13/04/2017","6.275","6.400","6.425","6.250","53,99M","-1,57%"
"17/04/2017","6.250","6.275","6.300","6.175","17,91M","-0,40%"
"18/04/2017","6.350","6.300","6.375","6.275","22,21M","1,60%"
"20/04/2017","6.250","6.250","6.250","6.125","49,50M","-1,57%"
"21/04/2017","6.150","6.250","6.275","6.075","54,13M","-1,60%"
"25/04/2017","6.200","6.150","6.250","6.125","57,47M","0,81%"
"26/04/2017","6.400","6.250","6.450","6.250","44,32M","3,23%"
"27/04/2017","6.375","6.375","6.425","6.350","15,24M","-0,39%"
"28/04/2017","6.375","6.325","6.400","6.325","14,94M","0,00%"
"02/05/2017","6.425","6.425","6.450","6.375","12,65M","0,78%"
"03/05/2017","6.400","6.450","6.450","6.375","11,41M","-0,39%"
"04/05/2017","6.625","6.400","6.625","6.400","26,60M","3,52%"
"05/05/2017","6.575","6.575","6.625","6.550","16,97M","-0,75%"
"08/05/2017","6.725","6.625","6.800","6.600","26,33M","2,28%"
"09/05/2017","6.650","6.800","6.800","6.625","33,49M","-1,12%"
"10/05/2017","6.575","6.675","6.750","6.550","31,03M","-1,13%"
"12/05/2017","6.675","6.725","6.725","6.575","12,78M","1,52%"
"15/05/2017","6.525","6.700","6.700","6.500","8,25M","-2,25%"
"16/05/2017","6.550","6.600","6.600","6.450","19,10M","0,38%"
"17/05/2017","6.500","6.550","6.600","6.400","24,65M","-0,76%"
"18/05/2017","6.525","6.400","6.600","6.375","35,11M","0,38%"
"19/05/2017","6.700","6.500","7.200","6.500","39,23M","2,68%"
"22/05/2017","6.825","6.875","6.950","6.725","43,49M","1,87%"
"23/05/2017","6.575","6.700","6.800","6.550","36,86M","-3,66%"
"24/05/2017","6.525","6.475","6.650","6.450","19,86M","-0,76%"
"26/05/2017","6.475","6.600","6.600","6.450","30,32M","-0,77%"
"29/05/2017","6.525","6.475","6.525","6.475","11,26M","0,77%"
"30/05/2017","6.525","6.575","6.575","6.475","11,09M","0,00%"
"31/05/2017","6.550","6.475","6.550","6.475","32,03M","0,38%"
"02/06/2017","6.450","6.575","6.600","6.400","33,08M","-1,53%"
"05/06/2017","6.475","6.400","6.525","6.400","13,08M","0,39%"
"06/06/2017","6.500","6.450","6.525","6.450","7,88M","0,39%"
"07/06/2017","6.475","6.425","6.500","6.425","8,10M","-0,38%"
"08/06/2017","6.450","6.425","6.475","6.400","20,75M","-0,39%"
"09/06/2017","6.400","6.400","6.450","6.350","32,13M","-0,78%"
"12/06/2017","6.450","6.375","6.450","6.375","8,86M","0,78%"
"13/06/2017","6.450","6.400","6.500","6.400","18,32M","0,00%"
"14/06/2017","6.500","6.450","6.500","6.425","14,91M","0,78%"
"15/06/2017","6.575","6.475","6.600","6.475","13,76M","1,15%"
"16/06/2017","6.500","6.525","6.650","6.500","27,37M","-1,14%"
"19/06/2017","6.550","6.500","6.575","6.500","11,91M","0,77%"
"20/06/2017","6.700","6.575","6.775","6.550","21,93M","2,29%"
"21/06/2017","6.625","6.650","6.650","6.575","25,20M","-1,12%"
"22/06/2017","6.600","6.675","6.675","6.525","33,99M","-0,38%"
"03/07/2017","6.600","6.600","6.700","6.550","39,34M","0,00%"
"04/07/2017","6.575","6.625","6.675","6.550","20,41M","-0,38%"
"05/07/2017","6.650","6.600","6.650","6.575","16,41M","1,14%"
"06/07/2017","6.775","6.625","6.775","6.625","18,38M","1,88%"
"07/07/2017","6.725","6.700","6.825","6.700","23,02M","-0,74%"
"10/07/2017","6.850","6.700","6.875","6.625","16,54M","1,86%"
"11/07/2017","6.900","6.850","6.975","6.825","28,25M","0,73%"
"12/07/2017","7.000","6.900","7.050","6.875","23,32M","1,45%"
"13/07/2017","7.025","7.050","7.100","6.925","20,58M","0,36%"
"14/07/2017","7.100","7.025","7.100","7.000","14,76M","1,07%"
"17/07/2017","7.025","7.075","7.100","6.975","13,93M","-1,06%"
"18/07/2017","7.000","6.975","7.050","6.925","21,39M","-0,36%"
"19/07/2017","7.000","6.950","7.050","6.950","4,90M","0,00%"
"20/07/2017","6.950","7.000","7.000","6.925","17,48M","-0,71%"
"21/07/2017","6.950","6.900","6.975","6.875","7,46M","0,00%"
"24/07/2017","7.050","7.000","7.075","6.950","16,00M","1,44%"
"25/07/2017","7.100","7.075","7.100","7.025","9,38M","0,71%"
"26/07/2017","7.150","7.025","7.150","7.025","8,73M","0,70%"
"27/07/2017","7.300","7.175","7.300","7.100","21,98M","2,10%"
"28/07/2017","7.350","7.275","7.350","7.250","15,55M","0,68%"
"31/07/2017","7.450","7.350","7.450","7.275","19,75M","1,36%"
"01/08/2017","7.250","7.425","7.425","7.250","17,42M","-2,68%"
"02/08/2017","7.275","7.250","7.300","7.150","10,77M","0,34%"
"03/08/2017","7.175","7.250","7.300","7.175","6,50M","-1,37%"
"04/08/2017","7.275","7.250","7.300","7.225","11,09M","1,39%"
"07/08/2017","7.175","7.150","7.300","7.150","9,83M","-1,37%"
"08/08/2017","7.225","7.175","7.275","7.125","13,56M","0,70%"
"09/08/2017","7.275","7.300","7.300","7.200","15,24M","0,69%"
"10/08/2017","7.275","7.300","7.350","7.250","25,66M","0,00%"
"11/08/2017","7.275","7.325","7.325","7.225","16,18M","0,00%"
"14/08/2017","7.300","7.325","7.350","7.275","18,55M","0,34%"
"15/08/2017","7.400","7.350","7.450","7.325","20,90M","1,37%"
"16/08/2017","7.400","7.450","7.450","7.325","17,42M","0,00%"
"18/08/2017","7.400","7.350","7.450","7.325","25,23M","0,00%"
"21/08/2017","7.400","7.425","7.450","7.350","17,84M","0,00%"
"22/08/2017","7.400","7.325","7.400","7.325","15,94M","0,00%"
"23/08/2017","7.400","7.425","7.450","7.325","10,49M","0,00%"
"24/08/2017","7.425","7.450","7.450","7.375","14,53M","0,34%"
"25/08/2017","7.425","7.450","7.450","7.350","7,93M","0,00%"
"28/08/2017","7.375","7.375","7.425","7.350","7,03M","-0,67%"
"29/08/2017","7.350","7.400","7.400","7.300","14,49M","-0,34%"
"30/08/2017","7.350","7.300","7.375","7.250","17,13M","0,00%"
"31/08/2017","7.350","7.300","7.375","7.300","9,69M","0,00%"
"04/09/2017","7.200","7.300","7.325","7.125","10,73M","-2,04%"
"05/09/2017","7.225","7.200","7.225","7.075","10,53M","0,35%"
"06/09/2017","7.200","7.150","7.250","7.075","17,86M","-0,35%"
"07/09/2017","7.300","7.150","7.300","7.125","14,41M","1,39%"
"08/09/2017","7.225","7.150","7.275","7.150","17,05M","-1,03%"
"11/09/2017","7.225","7.200","7.250","7.200","5,36M","0,00%"
"12/09/2017","7.250","7.275","7.275","7.200","27,56M","0,35%"
"13/09/2017","7.250","7.200","7.275","7.200","7,88M","0,00%"
"14/09/2017","7.250","7.250","7.250","7.175","11,04M","0,00%"
"15/09/2017","7.275","7.175","7.300","7.175","29,02M","0,34%"
"18/09/2017","7.250","7.300","7.300","7.225","18,21M","-0,34%"
"19/09/2017","7.350","7.275","7.350","7.250","11,03M","1,38%"
"20/09/2017","7.375","7.350","7.375","7.300","12,47M","0,34%"
"22/09/2017","7.475","7.375","7.500","7.325","27,79M","1,36%"
"25/09/2017","7.500","7.500","7.575","7.475","9,95M","0,33%"
"26/09/2017","7.400","7.575","7.575","7.400","13,41M","-1,33%"
"27/09/2017","7.275","7.425","7.425","7.250","23,00M","-1,69%"
"28/09/2017","7.300","7.250","7.350","7.225","15,06M","0,34%"
"29/09/2017","7.400","7.350","7.450","7.325","18,41M","1,37%"
"02/10/2017","7.475","7.500","7.575","7.400","8,38M","1,01%"
"03/10/2017","7.650","7.525","7.750","7.500","22,01M","2,34%"
"04/10/2017","7.625","7.700","7.700","7.575","12,09M","-0,33%"
"05/10/2017","7.500","7.700","7.700","7.475","18,24M","-1,64%"
"06/10/2017","7.425","7.550","7.550","7.425","11,46M","-1,00%"
"09/10/2017","7.375","7.525","7.525","7.350","8,29M","-0,67%"
"10/10/2017","7.300","7.375","7.450","7.300","16,67M","-1,02%"
"11/10/2017","7.300","7.300","7.375","7.275","19,42M","0,00%"
"12/10/2017","7.500","7.350","7.550","7.300","42,20M","2,74%"
"13/10/2017","7.625","7.575","7.650","7.550","16,42M","1,67%"
"16/10/2017","7.525","7.625","7.625","7.500","15,21M","-1,31%"
"17/10/2017","7.550","7.575","7.600","7.500","12,34M","0,33%"
"18/10/2017","7.650","7.625","7.700","7.575","18,73M","1,32%"
"19/10/2017","7.675","7.700","7.700","7.600","13,23M","0,33%"
"20/10/2017","7.650","7.650","7.675","7.575","17,59M","-0,33%"
"23/10/2017","7.550","7.650","7.700","7.550","9,83M","-1,31%"
"24/10/2017","7.550","7.625","7.625","7.525","14,07M","0,00%"
"25/10/2017","7.600","7.600","7.650","7.525","15,74M","0,66%"
"26/10/2017","7.600","7.650","7.725","7.600","21,56M","0,00%"
"27/10/2017","7.700","7.700","7.750","7.675","25,56M","1,32%"
"30/10/2017","7.600","7.750","7.750","7.600","7,65M","-1,30%"
"31/10/2017","7.600","7.700","7.700","7.575","14,29M","0,00%"
"01/11/2017","7.925","7.650","7.925","7.650","33,35M","4,28%"
"02/11/2017","7.825","7.925","8.000","7.825","11,48M","-1,26%"
"03/11/2017","7.750","7.850","7.850","7.750","11,53M","-0,96%"
"06/11/2017","7.700","7.800","7.850","7.700","16,15M","-0,65%"
"07/11/2017","7.950","7.775","7.950","7.775","15,33M","3,25%"
"08/11/2017","7.875","7.975","8.000","7.850","12,23M","-0,94%"
"09/11/2017","7.975","7.875","7.975","7.850","12,00M","1,27%"
"10/11/2017","7.975","8.000","8.025","7.925","9,28M","0,00%"
"13/11/2017","7.850","7.975","7.975","7.825","20,17M","-1,57%"
"14/11/2017","7.875","7.850","7.900","7.850","14,92M","0,32%"
"15/11/2017","7.675","7.850","7.850","7.650","21,04M","-2,54%"
"16/11/2017","7.875","7.750","7.975","7.675","16,89M","2,61%"
"17/11/2017","8.175","7.875","8.250","7.875","16,50M","3,81%"
"20/11/2017","7.975","8.175","8.250","7.975","11,11M","-2,45%"
"21/11/2017","7.925","8.050","8.050","7.900","10,20M","-0,63%"
"22/11/2017","8.250","7.975","8.250","7.975","28,48M","4,10%"
"23/11/2017","8.225","8.200","8.275","8.200","7,68M","-0,30%"
"24/11/2017","8.225","8.325","8.325","8.175","8,45M","0,00%"
"27/11/2017","8.150","8.275","8.275","8.100","9,63M","-0,91%"
"28/11/2017","8.400","8.100","8.400","8.050","19,80M","3,07%"
"29/11/2017","8.400","8.375","8.400","8.250","13,70M","0,00%"
"30/11/2017","8.100","8.325","8.400","8.100","23,31M","-3,57%"
"04/12/2017","8.225","8.275","8.300","8.200","19,86M","1,54%"
"05/12/2017","8.450","8.300","8.450","8.275","14,59M","2,74%"
"06/12/2017","8.525","8.475","8.625","8.400","15,90M","0,89%"
"07/12/2017","8.525","8.450","8.600","8.425","9,89M","0,00%"
"08/12/2017","8.850","8.575","8.850","8.550","28,99M","3,81%"
"11/12/2017","8.900","8.850","8.900","8.825","18,57M","0,56%"
"12/12/2017","8.800","8.800","8.975","8.800","11,99M","-1,12%"
"13/12/2017","9.100","8.750","9.175","8.750","17,97M","3,41%"
"14/12/2017","9.225","9.100","9.250","9.100","17,24M","1,37%"
"15/12/2017","9.375","9.150","9.375","9.125","22,81M","1,63%"
"18/12/2017","9.300","9.300","9.350","9.100","17,11M","-0,80%"
"19/12/2017","9.525","9.300","9.650","9.275","12,43M","2,42%"
"20/12/2017","9.525","9.400","9.600","9.350","16,58M","0,00%"
"21/12/2017","9.850","9.650","9.925","9.550","29,77M","3,41%"
"22/12/2017","9.850","9.850","9.975","9.600","67,62M","0,00%"
"27/12/2017","9.900","9.850","9.950","9.750","15,32M","0,51%"
"28/12/2017","9.925","9.950","9.975","9.850","105,96M","0,25%"
"29/12/2017","9.900","9.900","10.000","9.800","44,15M","-0,25%"
"02/01/2018","9.775","9.900","10.000","9.675","12,43M","-1,26%"
"03/01/2018","9.425","9.775","9.800","9.375","26,89M","-3,58%"
"04/01/2018","9.400","9.350","9.425","9.150","25,39M","-0,27%"
"05/01/2018","9.300","9.400","9.450","9.250","23,05M","-1,06%"
"08/01/2018","9.300","9.300","9.375","9.275","20,67M","0,00%"
"09/01/2018","9.300","9.300","9.325","9.250","14,29M","0,00%"
"10/01/2018","9.275","9.300","9.325","9.225","24,91M","-0,27%"
"11/01/2018","9.275","9.275","9.350","9.200","26,73M","0,00%"
"12/01/2018","9.275","9.275","9.350","9.275","23,98M","0,00%"
"15/01/2018","9.500","9.300","9.625","9.300","29,44M","2,43%"
"16/01/2018","9.600","9.550","9.650","9.525","20,32M","1,05%"
"17/01/2018","9.600","9.600","9.650","9.525","25,53M","0,00%"
"18/01/2018","9.500","9.650","9.675","9.400","20,52M","-1,04%"
"19/01/2018","9.425","9.550","9.550","9.300","24,12M","-0,79%"
"22/01/2018","9.400","9.400","9.450","9.325","24,31M","-0,27%"
"23/01/2018","9.650","9.450","9.650","9.425","16,67M","2,66%"
"24/01/2018","9.725","9.600","9.750","9.575","15,93M","0,78%"
"25/01/2018","9.600","9.750","9.750","9.550","15,59M","-1,29%"
"26/01/2018","9.600","9.600","9.725","9.600","9,06M","0,00%"
"29/01/2018","9.500","9.600","9.625","9.300","21,83M","-1,04%"
"30/01/2018","9.225","9.425","9.450","9.225","26,09M","-2,89%"
"31/01/2018","9.400","9.200","9.400","9.125","24,11M","1,90%"
"01/02/2018","9.325","9.350","9.450","9.300","19,41M","-0,80%"
"02/02/2018","9.300","9.400","9.400","9.275","14,04M","-0,27%"
"05/02/2018","9.275","9.100","9.300","9.050","21,07M","-0,27%"
"06/02/2018","9.075","8.975","9.175","8.925","33,43M","-2,16%"
"07/02/2018","9.550","9.125","9.550","9.125","33,74M","5,23%"
"08/02/2018","9.500","9.550","9.550","9.425","25,45M","-0,52%"
"09/02/2018","9.425","9.350","9.500","9.250","19,38M","-0,79%"
"12/02/2018","9.525","9.400","9.525","9.400","10,06M","1,06%"
"13/02/2018","9.700","9.575","9.800","9.575","28,40M","1,84%"
"14/02/2018","9.700","9.675","9.725","9.675","13,53M","0,00%"
"15/02/2018","9.625","9.700","9.725","9.550","11,30M","-0,77%"
"19/02/2018","9.875","9.625","9.875","9.625","15,67M","2,60%"
"20/02/2018","9.925","9.875","9.950","9.850","18,47M","0,51%"
"21/02/2018","10.175","9.925","10.175","9.900","25,11M","2,52%"
"22/02/2018","9.775","10.175","10.175","9.750","16,66M","-3,93%"
"23/02/2018","9.850","9.875","9.925","9.800","15,02M","0,77%"
"26/02/2018","9.825","9.850","9.875","9.750","7,57M","-0,25%"
"27/02/2018","9.825","9.825","9.950","9.825","11,56M","0,00%"
"28/02/2018","9.725","9.750","9.775","9.575","18,61M","-1,02%"
"01/03/2018","9.625","9.650","9.875","9.625","14,55M","-1,03%"
"02/03/2018","9.525","9.625","9.625","9.500","16,50M","-1,04%"
"05/03/2018","9.550","9.425","9.575","9.425","15,06M","0,26%"
"06/03/2018","9.175","9.550","9.575","9.150","19,19M","-3,93%"
"07/03/2018","9.075","9.250","9.250","8.825","23,28M","-1,09%"
"08/03/2018","9.350","9.225","9.350","9.150","22,18M","3,03%"
"09/03/2018","9.400","9.375","9.400","9.175","9,32M","0,53%"
"12/03/2018","9.350","9.450","9.500","9.325","11,37M","-0,53%"
"13/03/2018","9.250","9.375","9.450","9.250","17,06M","-1,07%"
"14/03/2018","9.450","9.150","9.450","9.125","14,12M","2,16%"
"15/03/2018","9.400","9.450","9.450","9.275","11,84M","-0,53%"
"16/03/2018","9.525","9.400","9.525","9.025","28,36M","1,33%"
"19/03/2018","9.600","9.550","9.600","9.425","8,08M","0,79%"
"20/03/2018","9.250","9.600","9.600","9.200","15,71M","-3,65%"
"21/03/2018","9.275","9.200","9.325","9.200","26,62M","0,27%"
"22/03/2018","8.900","9.325","9.350","8.875","32,85M","-4,04%"
"23/03/2018","8.725","8.700","8.775","8.625","26,74M","-1,97%"
"26/03/2018","9.150","8.725","9.200","8.725","16,49M","4,87%"
"27/03/2018","9.200","9.200","9.350","9.075","22,20M","0,55%"
"28/03/2018","8.650","9.000","9.000","8.550","24,51M","-5,98%"
"29/03/2018","8.675","8.775","8.775","8.425","19,14M","0,29%"
"02/04/2018","8.725","8.725","8.725","8.625","6,51M","0,58%"
"03/04/2018","8.625","8.675","8.725","8.600","14,80M","-1,15%"
"04/04/2018","8.275","8.650","8.700","8.250","22,68M","-4,06%"
"05/04/2018","8.200","8.400","8.450","8.150","21,58M","-0,91%"
"06/04/2018","8.300","8.200","8.400","8.150","14,87M","1,22%"
"09/04/2018","8.500","8.300","8.525","8.300","11,18M","2,41%"
"10/04/2018","8.725","8.550","8.825","8.525","19,69M","2,65%"
"11/04/2018","8.575","8.850","8.875","8.575","13,88M","-1,72%"
"12/04/2018","8.650","8.650","8.725","8.525","8,07M","0,87%"
"13/04/2018","8.825","8.700","8.850","8.675","8,82M","2,02%"
"16/04/2018","8.900","8.825","8.975","8.700","11,78M","0,85%"
"17/04/2018","8.950","8.950","8.975","8.825","12,85M","0,56%"
"18/04/2018","8.775","8.950","9.000","8.700","21,17M","-1,96%"
"19/04/2018","8.800","8.775","8.900","8.750","9,86M","0,28%"
"20/04/2018","8.725","8.875","8.875","8.725","5,97M","-0,85%"
"23/04/2018","8.725","8.725","8.825","8.625","22,14M","0,00%"
"24/04/2018","8.375","8.725","8.775","8.350","23,78M","-4,01%"
"25/04/2018","8.225","8.325","8.325","8.050","32,57M","-1,79%"
"26/04/2018","7.900","8.100","8.200","7.900","22,42M","-3,95%"
"27/04/2018","8.150","8.150","8.175","7.925","17,53M","3,16%"
"30/04/2018","8.050","8.150","8.225","8.050","23,22M","-1,23%"
"02/05/2018","8.000","8.050","8.150","7.925","13,16M","-0,62%"
"03/05/2018","7.725","7.975","7.975","7.700","16,34M","-3,44%"
"04/05/2018","7.475","7.550","7.675","7.300","23,96M","-3,24%"
"07/05/2018","7.325","7.475","7.550","7.325","22,54M","-2,01%"
"08/05/2018","7.325","7.325","7.375","7.200","17,04M","0,00%"
"09/05/2018","8.050","7.375","8.075","7.350","42,19M","9,90%"
"11/05/2018","8.275","8.150","8.550","8.150","29,60M","2,80%"
"14/05/2018","8.200","8.050","8.325","8.050","12,78M","-0,91%"
"15/05/2018","8.075","8.200","8.275","8.050","12,66M","-1,52%"
"16/05/2018","8.000","7.975","8.125","7.600","29,41M","-0,93%"
"17/05/2018","7.800","8.000","8.100","7.800","20,41M","-2,50%"
"18/05/2018","7.575","7.825","7.925","7.575","21,49M","-2,88%"
"21/05/2018","7.300","7.500","7.500","7.300","21,88M","-3,63%"
"22/05/2018","7.125","7.300","7.500","7.125","27,79M","-2,40%"
"23/05/2018","7.200","7.175","7.575","7.175","47,13M","1,05%"
"24/05/2018","7.675","7.300","7.725","7.300","26,83M","6,60%"
"25/05/2018","7.975","7.700","7.975","7.625","20,14M","3,91%"
"28/05/2018","8.575","7.975","8.675","7.925","43,43M","7,52%"
"30/05/2018","8.650","8.425","8.800","8.300","47,57M","0,87%"
"31/05/2018","8.475","8.750","8.750","8.375","47,89M","-2,02%"
"04/06/2018","8.475","8.250","8.550","8.250","34,57M","0,00%"
"05/06/2018","8.275","8.400","8.425","8.250","24,19M","-2,36%"
"06/06/2018","8.250","8.200","8.350","8.150","20,13M","-0,30%"
"07/06/2018","8.450","8.250","8.475","8.250","14,15M","2,42%"
"08/06/2018","8.050","8.350","8.400","8.050","34,86M","-4,73%"
"20/06/2018","7.525","7.800","7.850","7.525","62,18M","-6,52%"
"21/06/2018","7.400","7.500","7.650","7.400","19,22M","-1,66%"
"22/06/2018","7.400","7.375","7.500","7.275","28,41M","0,00%"
"25/06/2018","7.300","7.500","7.500","7.225","23,87M","-1,35%"
"26/06/2018","7.150","7.200","7.275","7.150","22,79M","-2,05%"
"27/06/2018","7.050","7.150","7.250","7.000","22,67M","-1,40%"
"28/06/2018","6.800","7.000","7.125","6.800","29,60M","-3,55%"
"29/06/2018","7.050","6.850","7.075","6.825","31,97M","3,68%"
"02/07/2018","7.050","7.125","7.225","7.000","18,12M","0,00%"
"03/07/2018","6.950","7.050","7.100","6.750","21,58M","-1,42%"
"04/07/2018","7.200","7.025","7.275","6.800","28,02M","3,60%"
"05/07/2018","7.100","7.275","7.275","6.950","18,37M","-1,39%"
"06/07/2018","6.950","7.150","7.150","6.900","17,50M","-2,11%"
"09/07/2018","7.200","7.000","7.300","6.925","25,75M","3,60%"
"10/07/2018","7.300","7.300","7.375","7.100","27,01M","1,39%"
"11/07/2018","7.175","7.150","7.200","7.050","18,20M","-1,71%"
"12/07/2018","7.025","7.100","7.225","7.025","26,55M","-2,09%"
"13/07/2018","7.250","7.100","7.300","7.075","25,46M","3,20%"
"16/07/2018","7.350","7.300","7.375","7.225","23,86M","1,38%"
"17/07/2018","7.425","7.300","7.450","7.275","24,49M","1,02%"
"18/07/2018","7.375","7.400","7.425","7.250","18,57M","-0,67%"
"19/07/2018","7.375","7.450","7.550","7.375","43,80M","0,00%"
"20/07/2018","7.250","7.325","7.400","7.200","26,33M","-1,69%"
"23/07/2018","7.300","7.300","7.475","7.275","19,01M","0,69%"
"24/07/2018","7.350","7.300","7.475","7.300","19,89M","0,68%"
"25/07/2018","7.300","7.350","7.400","7.275","17,29M","-0,68%"
"26/07/2018","7.575","7.350","7.575","7.350","28,73M","3,77%"
"27/07/2018","7.450","7.600","7.600","7.450","13,14M","-1,65%"
"30/07/2018","7.500","7.450","7.525","7.400","13,44M","0,67%"
"31/07/2018","7.400","7.525","7.525","7.325","25,98M","-1,33%"
"01/08/2018","7.825","7.400","7.900","7.375","35,19M","5,74%"
"02/08/2018","7.800","7.775","7.925","7.700","22,68M","-0,32%"
"03/08/2018","7.900","7.800","7.900","7.700","20,14M","1,28%"
"06/08/2018","8.200","7.925","8.250","7.900","28,31M","3,80%"
"07/08/2018","8.100","8.200","8.225","8.000","27,23M","-1,22%"
"08/08/2018","8.100","8.275","8.300","8.050","19,22M","0,00%"
"09/08/2018","7.950","8.000","8.100","7.850","31,87M","-1,85%"
"10/08/2018","7.975","7.900","8.150","7.900","22,28M","0,31%"
"13/08/2018","7.400","7.850","7.875","7.375","38,10M","-7,21%"
"14/08/2018","7.300","7.350","7.425","7.200","29,99M","-1,35%"
"15/08/2018","7.375","7.350","7.425","6.925","45,67M","1,03%"
"16/08/2018","7.075","7.275","7.350","7.050","31,09M","-4,07%"
"20/08/2018","7.275","7.275","7.375","7.150","22,96M","2,83%"
"21/08/2018","7.375","7.300","7.400","7.200","16,24M","1,37%"
"23/08/2018","7.550","7.375","7.550","7.225","26,95M","2,37%"
"24/08/2018","7.425","7.450","7.500","7.325","16,84M","-1,66%"
"27/08/2018","7.675","7.500","7.675","7.450","15,15M","3,37%"
"28/08/2018","7.875","7.750","7.900","7.725","27,07M","2,61%"
"29/08/2018","7.850","7.875","7.875","7.675","12,86M","-0,32%"
"30/08/2018","7.625","7.925","7.925","7.600","17,51M","-2,87%"
"31/08/2018","7.800","7.500","7.800","7.425","29,89M","2,30%"
"03/09/2018","7.850","7.800","7.850","7.675","14,65M","0,64%"
"04/09/2018","7.500","7.750","7.775","7.500","13,61M","-4,46%"
"05/09/2018","7.075","7.400","7.400","7.000","32,50M","-5,67%"
"06/09/2018","7.275","7.000","7.300","6.950","41,52M","2,83%"
"07/09/2018","7.350","7.225","7.400","7.150","17,68M","1,03%"
"10/09/2018","7.275","7.200","7.300","7.125","17,60M","-1,02%"
"12/09/2018","7.125","7.325","7.375","7.100","17,77M","-2,06%"
"13/09/2018","7.350","7.200","7.350","7.200","22,48M","3,16%"
"14/09/2018","7.525","7.400","7.525","7.350","12,16M","2,38%"
"17/09/2018","7.225","7.525","7.525","7.200","11,34M","-3,99%"
"18/09/2018","7.225","7.300","7.300","7.150","23,86M","0,00%"
"19/09/2018","7.175","7.225","7.325","7.175","17,11M","-0,69%"
"20/09/2018","7.300","7.200","7.425","7.200","15,32M","1,74%"
"21/09/2018","7.650","7.425","7.675","7.400","42,45M","4,79%"
"24/09/2018","7.375","7.600","7.625","7.325","14,88M","-3,59%"
"25/09/2018","7.350","7.250","7.400","7.250","6,43M","-0,34%"
"26/09/2018","7.325","7.300","7.400","7.300","10,89M","-0,34%"
"27/09/2018","7.350","7.375","7.525","7.350","22,81M","0,34%"
"28/09/2018","7.400","7.375","7.525","7.350","13,74M","0,68%"
"01/10/2018","7.500","7.425","7.550","7.400","13,28M","1,35%"
"02/10/2018","7.275","7.475","7.500","7.250","17,47M","-3,00%"
"03/10/2018","7.250","7.300","7.375","7.250","12,29M","-0,34%"
"04/10/2018","6.900","7.200","7.200","6.850","61,87M","-4,83%"
"05/10/2018","6.875","6.900","6.975","6.800","37,87M","-0,36%"
"08/10/2018","6.825","6.825","6.925","6.775","24,50M","-0,73%"
"09/10/2018","6.825","6.825","6.950","6.825","22,07M","0,00%"
"10/10/2018","6.950","6.875","6.975","6.850","20,56M","1,83%"
"11/10/2018","6.725","6.750","6.825","6.675","30,45M","-3,24%"
"12/10/2018","6.925","6.775","7.100","6.775","34,95M","2,97%"
"15/10/2018","7.050","6.950","7.125","6.900","27,89M","1,81%"
"16/10/2018","7.250","7.075","7.250","7.050","27,50M","2,84%"
"17/10/2018","7.325","7.350","7.375","7.275","17,15M","1,03%"
"18/10/2018","7.200","7.325","7.325","7.150","9,67M","-1,71%"
"19/10/2018","7.175","7.075","7.250","7.075","15,71M","-0,35%"
"22/10/2018","7.175","7.200","7.250","7.150","5,90M","0,00%"
"23/10/2018","7.125","7.150","7.225","7.100","8,82M","-0,70%"
"24/10/2018","7.050","7.100","7.175","6.975","12,02M","-1,05%"
"25/10/2018","7.075","6.950","7.125","6.925","17,18M","0,35%"
"26/10/2018","7.100","7.075","7.150","7.050","5,89M","0,35%"
"29/10/2018","7.075","7.150","7.175","6.975","4,95M","-0,35%"
"30/10/2018","7.175","7.075","7.225","7.025","16,14M","1,41%"
"31/10/2018","7.325","7.225","7.375","7.175","28,16M","2,09%"
"01/11/2018","7.425","7.400","7.475","7.325","32,25M","1,37%"
"02/11/2018","7.775","7.500","7.775","7.475","58,80M","4,71%"
"05/11/2018","7.600","7.650","7.700","7.525","19,81M","-2,25%"
"06/11/2018","7.750","7.675","7.925","7.675","27,35M","1,97%"
"07/11/2018","7.800","7.800","7.800","7.700","22,47M","0,65%"
"08/11/2018","7.900","7.900","8.075","7.875","43,05M","1,28%"
"09/11/2018","8.000","7.975","8.000","7.850","29,46M","1,27%"
"12/11/2018","7.600","7.825","7.850","7.600","31,39M","-5,00%"
"13/11/2018","7.900","7.500","7.950","7.475","30,90M","3,95%"
"14/11/2018","8.025","7.900","8.150","7.900","38,73M","1,58%"
"15/11/2018","8.250","7.925","8.300","7.925","36,95M","2,80%"
"16/11/2018","8.300","8.275","8.550","8.175","28,46M","0,61%"
"19/11/2018","8.400","8.275","8.400","8.250","16,00M","1,20%"
"21/11/2018","8.250","8.150","8.300","8.150","32,95M","-1,79%"
"22/11/2018","8.400","8.200","8.450","8.175","23,44M","1,82%"
"23/11/2018","8.425","8.425","8.500","8.350","8,20M","0,30%"
"26/11/2018","8.425","8.425","8.500","8.350","14,71M","0,00%"
"27/11/2018","8.650","8.325","8.675","8.325","40,95M","2,67%"
"28/11/2018","8.550","8.750","8.750","8.500","27,26M","-1,16%"
"29/11/2018","8.775","8.650","9.050","8.650","45,01M","2,63%"
"30/11/2018","8.500","8.650","8.775","8.450","61,22M","-3,13%"
"03/12/2018","8.750","8.700","8.850","8.700","36,43M","2,94%"
"04/12/2018","8.800","8.550","8.825","8.550","18,72M","0,57%"
"05/12/2018","8.750","8.600","8.775","8.550","18,10M","-0,57%"
"06/12/2018","8.650","8.650","8.675","8.525","28,79M","-1,14%"
"07/12/2018","8.575","8.550","8.625","8.450","19,65M","-0,87%"
"10/12/2018","8.575","8.450","8.600","8.425","11,32M","0,00%"
"11/12/2018","8.450","8.575","8.600","8.450","18,48M","-1,46%"
"12/12/2018","8.450","8.500","8.550","8.425","22,60M","0,00%"
"13/12/2018","8.550","8.450","8.725","8.425","34,07M","1,18%"
"14/12/2018","8.600","8.500","8.650","8.475","20,19M","0,58%"
"17/12/2018","8.575","8.600","8.600","8.450","21,39M","-0,29%"
"18/12/2018","8.625","8.550","8.650","8.475","15,90M","0,58%"
"19/12/2018","8.700","8.675","8.725","8.625","24,32M","0,87%"
"20/12/2018","8.675","8.650","8.750","8.625","14,76M","-0,29%"
"21/12/2018","8.675","8.600","8.700","8.600","16,48M","0,00%"
"26/12/2018","8.700","8.600","8.775","8.575","12,89M","0,29%"
"27/12/2018","8.800","8.800","8.800","8.700","15,96M","1,15%"
"28/12/2018","8.800","8.825","8.825","8.750","16,22M","0,00%"